0.0622763322103009	1.49637874994849	-0.383126743184036	2.82600509714325	-1.05322094352737	-0.776949107040877	-1.10806688474948	0.382381970788525	-0.292061795237237	-0.177208641119427	0.242620684328003	0.714769009817534	-0.351354462073261	-0.409782361629336	-2.1890637451016	-0.891193911732114	-1.14691927262178	0.210879605178012	-0.0777107413206687	1.51189242154712	0.798142399003345
0.184471282992312	1.59739177400349	-0.211331851468825	-1.86906962921858	-0.957129416534233	-0.819217951278531	-0.968054735923137	0.576816914271743	0.966498217493667	1.07609190087693	1.98198322132017	1.3062203818073	0.100623578595532	-0.0401020577195214	-1.87489328310786	-1.13172306933543	-1.56560184268312	1.42274553441915	1.08193056567017	1.94542652556305	1.97428495895277
-0.0146072965782666	0.379197470186853	0.218155377819199	0.36033962446943	-0.36524724640359	-0.372281807583689	-0.360405461777483	0.526787965875206	-0.613627448568947	-0.544487673266639	-0.491894697019568	0.053031911251697	0.816462948881757	0.147734005835548	0.935509924096075	0.886176883723261	-0.101329338930759	-0.465304858209872	-0.378837495076184	-0.144613287843813	-0.120409024634178
-0.670624077810004	0.62423200330606	0.62098477908245	1.40370692637726	-0.698878009109305	-0.660864679177843	-0.647517431752637	0.875551693549226	-0.690743869260718	-0.570009415960468	-0.779647939532024	0.439736592425528	0.90403325341339	0.260786318661452	-0.182857937913691	0.669857527975399	-0.31272299797308	-0.481495017153183	-0.380663891019502	0.19487373288721	-0.0264491569460349
-1.18147607014595	-0.251478162117338	-0.140244310069428	-1.49992872803009	-0.600184455162175	-0.314589385181023	-0.71963374818206	-0.571197569740013	0.74479312489448	0.780507810916485	0.497960927688218	-0.1044923175758	-0.967557274457177	-0.623439772315462	-0.712275509470176	-0.320100849025501	0.529248101510496	0.44749349293052	0.758193958116211	-0.624193674690525	-0.0659838810833727
1.52830156447738	0.500155741029782	-1.6923222972896	1.34937377779503	0.683634835155154	0.735593206342005	0.635787011279192	-1.29714627430776	0.949816803305222	-0.568165601196788	-0.119551042449425	0.059184838361314	-1.37827065448363	-0.737185286262896	-0.536691165871504	-1.04623833489647	0.861070746768961	0.35153517388158	-1.18338127146885	0.0347228112079234	-0.428231149397562
-0.428473311572313	-0.689135277118983	0.29516688100188	-1.44971314765367	-0.644108175066592	-0.465721608217124	-0.68925825437611	-0.0862631921859945	-0.404082848683005	-0.114742030111552	-0.234498210396834	-0.64350585441747	-0.0274085096902408	-0.577090934763161	0.420665365576961	0.507652804451687	0.246084435556398	-0.406487562972411	0.0940083311742718	-0.71215006296731	-0.387020206196859
1.10514987024585	-0.714673111715935	0.4106841357759	0.79854159846737	-0.573235222054209	-0.437235208225028	-0.669202711252385	-0.112835802888388	-0.350745382681523	-0.893946400869517	-0.694687743970237	-0.666703465863192	-0.954856738489449	-0.603360291485462	-0.998585610412318	-1.4697801832962	-0.565074264870586	0.0254810848196598	-0.864263901654242	0.215662238518301	-0.160151537367921
1.02870010509512	-0.844886373003884	-1.09696413806965	0.423215229544162	1.79274626964582	1.71845027527815	1.87614615565088	-1.69260925569328	-0.894597619943843	-1.24360279026089	-1.17670205088779	-1.02796082193236	-1.32372480776993	-0.670225345662269	0.269671508321013	-0.813070329810519	1.18608383109615	-1.3366820787961	-1.68518542535422	-0.593789961397226	-1.43448107768498
-1.76940618186674	-0.256031419448577	-0.445328341908508	1.91184244968661	-0.545999868167298	-0.290702317583018	-0.657501199789962	-0.657018288773083	1.15541850051502	1.25239913033432	0.551205087106705	-0.51822034641836	-1.04512003262741	-0.662986070551381	-1.41471680845422	-0.945971197926611	0.158012097811075	0.959502432313196	1.36557017961874	-0.647214078019365	0.0664992420300686
0.505041655035297	-0.771786796066483	0.0256266198624986	-0.360982276480782	-0.236228141260566	-0.106701804179953	-0.278018872610823	-0.372945772122305	-0.794681814377965	-0.982879119623757	-0.57719291175106	-0.21859762313697	-0.633272288827955	-0.628854771611256	0.378691616733776	0.0877832293671088	0.981560224008612	-0.974860661247477	-1.03256485555871	-0.513277359084028	-0.896420126216165
-1.33988118040346	-1.75860633875763	-1.52052740557439	0.162943769302447	2.63266217691685	2.34676005631792	2.79077493756915	-1.88073357634771	1.04600153067017	1.70448929865205	0.136782882594171	-1.29375213840809	-1.45351322560539	-0.67910298319637	0.223090793144882	-0.721453278498411	0.719171767997266	0.496493388250509	1.47770238618231	-0.859457215774496	-0.637042758322911
0.712428473923626	-1.04354697004297	-0.865929628521608	-0.9909233326268	0.803448840302777	0.806772268097519	0.771863039482217	-0.974502874540786	-0.740247817356029	-0.925125533671667	-0.813723386526823	-0.84369251812655	-1.22335072135547	-0.677371773471328	1.37899900244304	0.238298199140142	1.24795232161823	-1.00353946387439	-1.16971267431793	-0.705301037026045	-1.27795231188152
-0.861972902913288	-1.31352543462896	-1.48794561576633	-1.34448857495727	1.15328769486134	1.0318625934965	1.14034213010659	-1.07924678685886	0.0884453599892532	0.675814378881575	-0.0689700103152181	-1.32415866344746	-0.986054350316896	-0.671899708653651	1.56394941573526	1.39233618339211	1.51211230046068	-0.519560275495825	0.587921952587716	-1.61771338725387	-1.14725490087794
0.0486520165943986	-0.664488297217273	0.795741651689302	0.50254808540476	-0.733987722680457	-0.573873440160393	-0.758328584739456	0.436731872858167	-0.515960896931637	-0.142927835418766	0.26279096806456	-0.129786583879476	0.202228866297803	-0.330529474958282	0.143259566307628	0.0181444649888897	0.0319280650550458	-0.47277668445638	0.0409902768980976	-0.302021837250603	0.0142056631640227
0.906854239998731	1.23199287317151	-0.397936647642243	-0.114826704711733	-0.837106859065588	-0.697693659474627	-0.870324728017286	0.154150318517175	0.165346483673399	-0.568877846508084	-0.00683506172287358	0.31211808427649	0.0217846978378763	-0.466954195919925	-0.668873601063776	-0.167648525759329	0.211461966176739	-0.0234604173529405	-0.64762675327188	0.189197084187651	-0.108305916084284
0.249879966600722	0.846698217479123	0.967536543404512	0.487695149618879	0.287106271668421	-0.169411992793606	0.407978302252128	1.22577942006938	-0.586739946028215	-0.556609329590101	-0.16190367125989	0.91938202642693	1.56491641341416	2.56568227288715	0.250424031536986	1.18647774575071	-0.65141483102883	-0.290821695381156	-0.426120720677387	0.608230043624841	0.528260047742748
-0.872984062825409	-1.47813558553878	-0.839271800496834	-1.29392400398022	0.906465790695432	0.933757510035344	0.846342484363324	-1.3285882520883	-0.0646642750114283	0.61011569191032	0.0653832449954276	-1.0654204500081	-1.24913318204752	-0.671511254358819	0.287160838185892	0.0273702213988452	1.06991168461954	-0.450937369931222	0.623639840454855	-1.38896696839978	-0.726533151021502
-0.531244137418769	0.603445393750401	1.12748351155316	0.396512239782332	-0.71911919629268	-0.647958059681623	-0.683138873722587	0.940814764467674	-0.598057560427158	-0.314400094097136	-0.471839670479097	0.431345570183614	0.904154171706218	0.508079718218756	-0.271701676563218	0.359237293260027	-0.546650427427072	-0.355231278764764	-0.191916133408035	0.347882296220369	0.214147758132882
0.155562001284631	-0.142595921587696	0.558783180357978	-0.264072274623669	-0.666367071119676	-0.532855111854432	-0.676543270010295	0.553071012424049	-0.645028611835366	-0.332342801518299	-0.275280459910657	-0.228525287252645	0.5475249739668	-0.174996820485526	0.35166908072228	0.603247361098746	-0.0840755707132474	-0.510870792620058	-0.18914841695947	-0.221319235538769	-0.164044110407191
1.02149397915626	-1.14694550500411	-1.763409838689	0.566087814383744	3.15875096682497	2.7666736454162	3.06559589874339	-2.41072659807993	-0.832785438666722	-0.774288845704728	-1.40637287014877	-1.52292360168381	-1.54085089150478	-0.679425458919168	-0.725445004857279	-2.47056876170203	0.92279924377952	-1.14862008193114	-1.25368872779199	-0.646270271482785	-1.50106958847863
-0.475879147679476	0.565980004622702	0.908296925571681	0.686703133007839	-0.935517543606267	-0.767619438670265	-0.914575999894795	0.899026319505694	-0.406895599911556	-0.195048603268623	-0.261121250582713	0.599914981939425	0.827399208498831	0.302621821821234	-0.259496429943478	0.321544301848828	-0.686020881416408	-0.202954572174117	-0.0639684771611276	0.548766422308746	0.394771285541774
-0.238939732034252	1.31434744055393	0.940878715379738	-1.29781238432885	-0.791947153133938	-0.750851653084533	-0.716856922360979	1.01117580574341	-0.0539117363362726	-0.138506245784002	0.219589003487718	0.639656947273921	0.934237904527098	0.820707342227837	-1.31564881870814	-0.633209594533952	-1.34058819762076	0.357395848584011	0.0886586983085774	1.20576291428415	0.909782248011659
0.335804914646841	-1.4323060606613	-0.166902138094202	0.103045001962664	0.749362258964332	0.556869026722983	0.82229664596077	-0.208394552683043	-0.7706045375877	-0.442770539754994	-0.644601974751816	-1.15501436393584	-0.2126376811403	-0.27567617605318	1.89154972028331	0.762976225933855	0.210239183344561	-0.667302150842186	-0.487357314372808	-0.641467905730334	-0.720700698277651
-0.0179186236532883	-1.62542356181887	1.75246147968952	0.339306429763585	-0.702572032737506	-0.996707616544981	-0.659034149824909	0.748700320116424	0.567955044765433	1.27492743124482	0.272299412319574	-0.867243638532924	-0.177412690193652	0.331889611466264	-0.734107172950727	-2.20558466771966	-1.28931687025862	0.932822728102672	1.28206444203974	0.000189110986377215	0.602781523113665
0.299125982964937	-0.297555146632382	0.327748670809937	-0.265084086924691	-0.740167652816637	-0.567535468897376	-0.756156245291977	0.426203460912989	-0.749421458694533	-0.408087896038518	-0.336467280854264	-0.315900826968316	0.502427604387792	-0.343217957366368	0.538873693355156	0.770350030555617	0.333035961052024	-0.740136852876099	-0.332774749170795	-0.443254247380147	-0.457883390170956
1.34792400377929	0.630962905447892	-0.747450392855946	2.01035416213593	-0.387200977924583	-0.319573802306533	-0.397666275931754	-0.15819819634672	-1.09915124374411	-1.05921782809567	-0.910285934011289	0.104014617662954	-0.358445143070545	-0.584764431592978	-0.307759223524884	-0.00874758300885639	0.0869740322836679	-0.900127835170812	-1.16600075496385	0.191403743870052	-0.397344067171002
-1.64552564591702	-1.40830247581726	-1.76933380047228	-0.467709592285802	2.38422387614259	2.09256345666986	2.50100262798873	-2.09004514199401	0.556648795017893	0.921832275317933	-0.0523657018989246	-1.43421748077941	-1.40614200368313	-0.67817919232481	0.848096487784773	0.204738492099847	1.50325727877757	-0.0675569527051084	0.828601456685826	-1.41728687876471	-1.18737483850943
-1.8153308972792	-1.24512759080534	-1.15620375590248	-0.905462305995781	1.28038895471822	1.26018299466787	1.24670153966187	-1.59131250497598	1.00591998350574	1.21452578305541	0.850711064740538	-1.05913959680513	-1.41400707231118	-0.65705806403551	-0.647543346942255	-0.591010081670761	0.617515738846001	0.535540927519042	1.17471100004098	-1.05948324934071	-0.201875660682682
-0.136956842449624	-1.78063024650112	-1.74859993423079	-0.782242579904301	3.05949864129168	5.25739480905149	2.92202578123699	-2.42994606707632	-1.16398942130646	-0.371452977866366	-1.43663790051995	-1.93008746872373	-1.64275607719742	-0.730658090290284	-1.11387547858797	-2.96489438993225	NA	NA	NA	NA	NA
-0.0622774404188268	-1.61616857137385	2.56108226310767	0.177260197150018	-1.26129206141733	-1.91983437972504	-1.13886121502258	1.4430578099937	1.28691067439016	1.80033703707264	0.569211279775839	-0.868116893110432	0.176918021561755	0.798459701068031	-1.15144903888942	-2.46720092965009	-2.80163955437169	2.00898194255663	2.04595418184421	0.604371008219973	1.51981822560247
0.728845475024487	0.843332766408207	-0.726716526614455	-1.4313481683982	-0.357327831986307	-0.293334652123773	-0.39077667300197	-0.0009097617019789	-1.05083884778259	-1.13345774438259	-0.542669745433852	0.459369334146451	-0.213974051344042	-0.59459264842075	0.380587972642917	0.477065551199456	0.829447767997486	-1.23881266715505	-1.31579297498404	-0.00601134557910079	-0.601982588451937
0.830504213615325	1.26688468206851	-0.489758055283131	-0.259877876397618	-0.833449529498338	-0.692671182518376	-0.866295889505284	0.111237145421817	-0.212318877326439	-0.813214789151346	-0.21854050857167	0.105385970707678	-0.0286798055455497	-0.477631676812833	-0.912339986497084	-0.177952083316723	0.075022734354776	-0.301746900686242	-0.787671129220857	0.189408035900932	-0.183178092430688
1.42510186193145	0.8080450220911	-1.57384306162394	0.769020639825817	-0.381496212653436	-0.362870037652865	-0.388283568202863	-0.359625117663012	-0.997536580632076	-1.2030073790054	-0.996014991118617	-0.129711674957698	-0.261405059362409	-0.679468879381716	-0.0884258419635712	0.617818631636696	1.08359821076541	-1.19386742000034	-1.26744042989931	-0.382257773772816	-1.04837200186952
0.42232829529688	-1.2302800125513	1.73765157523132	0.612771818234399	-0.891519042134621	-0.811313993698979	-0.776224207901946	0.658334498964224	-0.857302148645576	-0.597169825739279	-0.823478261643944	-0.676014675415241	0.509446788213844	-0.115794936491966	0.155889082385008	-0.276477183655763	-1.36163993795667	-0.180513156335869	-0.400282451038853	0.17426951238715	0.209778079388649
-0.314471900525634	0.618985858989632	1.50365508479163	-0.76238918178129	0.377398743588262	0.0501805190204511	0.431970608386387	1.25309106414185	0.355524139101407	0.397108399892541	0.797032769883473	1.27872238675013	1.29567491204661	1.8763219051531	-0.993273671091685	-0.738513059829439	-1.79405872321891	1.05843831642519	0.726390318797197	1.2864331351461	1.67155088428663
-0.426922373740489	0.565336609565027	1.16006530136121	0.431479014437709	-0.590944054551176	-0.540626794698087	-0.570144674834633	1.04000983042253	-0.293757969462921	-0.0279029605642895	-0.000727733834436539	0.772528741669563	0.909545727621301	0.734590397167069	-0.396752956427103	0.0636722720775899	-0.968268540443187	0.121502998305838	0.131849043068936	0.731548224740226	0.716359289378709
0.312396225956854	0.837938146309238	1.45626339052537	0.927636867805174	0.067873192027042	-0.282507714498426	0.166341137678671	1.21910021841514	-0.444389794767444	-0.51019326724632	0.0140041939892879	0.911302013798205	1.47518857886009	2.07474064704474	-0.187553829410737	0.478011296006698	-0.85619336457258	-0.139664028964202	-0.364099144806303	0.782966633424905	0.686512939424849
-0.257017383610989	-0.0408405186199952	-0.273533450193298	-0.812448497709702	-0.210525112779087	-0.207943944888077	-0.204448191516312	0.238080312583079	-1.32336303119518	-0.964844752905476	-1.01040279388546	-0.451613779179168	0.653928302604899	-0.175525931464053	1.52519947193771	1.49882103894014	1.02490204234723	-1.52746760972784	-0.874768567105583	-0.993940599646264	-1.09860772328348
-0.684073850583096	-0.0625179828708966	-0.169864118985844	0.371168750718291	-0.391311641713029	-0.262815752487131	-0.44152569160533	0.0654531840702591	-0.187611493751391	-0.0267948202339889	-0.116433129478938	-0.22963773060365	-0.0381881985789211	-0.524419118992427	0.919596605272054	0.873068512761717	1.06909591995975	-0.468174860598822	0.0267316294551318	-0.889194740700165	-0.660082069296738
-0.0795771296104686	-0.124234416480198	0.215193396927558	0.191373481215248	-0.625305023486511	-0.498247883523604	-0.648895780596743	0.396106139343613	-0.917452407493653	-0.596566268696748	-0.487317408409143	-0.108287050677712	0.439179260640241	-0.302887458807858	0.863415186535594	0.856629475305037	0.450103374676463	-0.938109734174774	-0.47064569328577	-0.522233997402109	-0.494658681748063
-0.0294085296485441	0.0221132131771429	0.529163371441562	0.0659295911467746	-0.538265781981836	-0.466983190661494	-0.534521733961174	0.591466515793772	-0.548265234301841	-0.359379094094257	-0.193081154433395	0.0696178472358207	0.679441985469553	-0.0146346050877562	0.534395293524526	0.712984598245592	-0.103612442989184	-0.434995208487979	-0.199089738960186	-0.163581323046379	-0.0146598668957613
-0.88215005554211	-0.0124321522272615	-0.637857099865209	0.107873573407041	-0.310229379088211	-0.182922260646473	-0.359026256417088	-0.367047104125774	0.651633604602842	0.83704216821308	0.407745003985012	-0.0476271511251515	-0.127118833904767	-0.625065007012067	0.487620657207403	0.860939889138191	1.30625097759627	0.232837370410697	0.834520937533723	-1.08047175433877	-0.439143109818578
-1.58119912793403	-0.557882685353252	-1.25098714443501	-1.52148019982176	0.558934017158022	0.606151348138931	0.503880290260188	-0.842003007161535	-0.202088796932222	0.163808059499328	-0.283677701305575	-0.857389232285237	-0.833963636982062	-0.668099602598827	0.288826845778385	0.580421383166953	1.10546398744614	-0.635854875004203	0.206362099938983	-1.13830014273528	-0.949740180748443
-1.72771537712701	-0.285479116319094	-0.317963163567921	1.3785535590584	-0.582732481091764	-0.296618415437366	-0.704031233264327	-0.65608418060478	1.72871907510662	1.70443398306626	0.785268577647958	-0.383117672606968	-1.10249207040813	-0.653255859819354	-1.49137351407183	-0.934865022493534	0.171255311170431	1.28192019561487	1.58381899787842	-0.643719327175795	0.198609846365403
-1.66648076093094	-0.361597700834816	-0.537149749549396	1.02740911346881	-0.21441607668369	-0.000562133425509614	-0.314558285917516	-0.801760975458597	1.35568165271626	1.52260090944941	0.614755298019296	-0.439172355099054	-1.12568036450702	-0.663820371525838	-0.873848247091586	-0.377378507360956	0.302982292261667	1.09019947276802	1.4795905879296	-0.685786813076046	0.0149882758247487
-1.4097731216029	-0.610393620445047	-0.916283303679515	-0.879099191408333	0.033851294794042	0.214708456548542	-0.0639150666549134	-0.814390779085079	-0.179714955117176	0.183606239101025	-0.31060775098697	-0.700282536615213	-1.01197395942886	-0.66783389353832	-0.0699144084052928	0.145107542337649	0.935695065832491	-0.578458572153887	0.233800560869708	-1.06250847786082	-0.814818023546617
-1.40903006778637	-0.986334301837391	0.29516688100188	0.0838739585961602	-0.629556889737288	-0.350479431696745	-0.745593043982614	-0.454758079196213	1.4692053656287	1.93378520207197	1.26011916959059	-0.363034865853976	-1.16762010901674	-0.621967788942103	-1.31979615979531	-1.02916511070453	-0.0241479778880527	1.21005459790589	1.94404862939994	-0.568265280280387	0.508264493391891
1.29162645656555	0.225624019112545	0.10560010393682	0.465117541285016	0.374851525484778	0.285370233610472	0.394490740190254	-0.244994758300594	1.08548359247176	-0.21964392418881	0.357031288864359	0.390984643129747	-0.409983219362924	-0.0674427225734456	-0.409994234777989	-1.54114121539197	-1.19012973902365	1.35079498230929	-0.404323372150969	1.14917237911258	0.903292028922085
2.0003950718328	0.742468218135748	-1.76044785779736	2.09190857756618	0.947238930658948	1.00637671391263	0.924136433168287	-1.53653575955283	1.35552128485723	-0.625311287147139	-0.552927567279835	-0.273442205504107	-1.33463738563166	-0.669950261555958	-1.09944817425322	-2.99224665822921	0.261895060784689	0.700856504908937	-1.37738966464924	0.3437775473075	-0.445922328214315
0.407387427952354	0.35336268402482	1.9005605242716	1.24611943934764	0.458843302004593	-0.0150167935420379	0.611884211097523	1.2507119487845	1.3677038755038	1.02336403304412	1.60520442868144	1.64510320731819	1.80671961575636	2.73989414024816	0.963024226978901	0.41732864006253	-1.28249261865021	1.50328195971096	0.98739610145835	1.30806306668542	1.82389934756385
0.177190352977958	-0.21574499045261	0.4106841357759	-0.208670016776159	-0.763435403304575	-0.589527770069317	-0.789768728297285	0.480348206193645	-0.722727155228079	-0.395164849451422	-0.246242507044934	-0.215247940755626	0.391445841509784	-0.362779747844908	0.340797711564047	0.544101145088049	0.20333283677565	-0.633403195020291	-0.246081025879368	-0.366880203396604	-0.303165790580414
-0.878205387294607	1.23372509063448	0.481771677175298	-1.31580623552022	-0.575566920609921	-0.636873152673084	-0.531885590941175	1.0679013061969	-0.405471230265853	-0.424043928195484	-0.764219048699363	0.0566719956489744	0.984186774465296	0.553973914238126	-0.520277509076001	0.256229394164751	-0.503680196804259	-0.149128989481405	-0.189853151071032	0.330816874043504	-0.0752779764051787
-1.19822719611733	-1.74460012327132	-1.16508969857741	0.655760167889264	2.96759720447205	2.4668864531599	2.78125518723342	-2.06437504531442	0.783642554433227	1.61018651082812	0.33301264967713	-1.10952743465226	-1.55574535749709	-0.754137868972784	0.526753086349434	-0.0418043688974931	1.04959966308531	0.132834736425636	1.37651452589681	-1.17578669075364	-0.644810588685084
-0.352706756977729	-1.06527392622138	-1.15324177501084	-1.73106989075033	0.462136013371402	0.462098552714723	0.420412349273924	-0.994771896361442	-0.0811528058103353	0.596938467920723	0.318768918405393	-0.963656557472705	-0.882754995024643	-0.656931530850382	0.927159529770703	0.650196948424452	1.25913624770613	-0.45541186621324	0.569247059806575	-1.2733744771176	-0.795585053344562
0.026829174304798	-0.939069511062024	0.0789422759120465	0.389386580951682	-0.251591805230097	-0.0704154568726611	-0.337078240544546	-0.869083351608518	0.191784135428422	0.810867838752945	0.953270210878631	-0.43087128471341	-1.08888416649405	-0.800073853030674	0.489740933108078	0.648831311900867	0.739510578413333	-0.0885205087205125	0.711846492283452	-0.934750786987351	-0.0512024929639614
1.14755380717192	-0.676910771023155	-0.146168271852711	0.172639978303148	0.0350603408778041	0.092702696669766	-0.0137135760916911	-0.394653470579686	0.392780307646823	-0.26036510982894	-0.0461090198938926	-0.3135889847669	-1.02626783620257	-0.633377467855327	-1.14586496713889	-1.40741479746086	-0.376286101310674	0.639574699839268	-0.326594423852621	0.227108392766371	0.132141968395766
-0.974777448752128	0.493969250090598	0.75427391920632	0.295304965604063	-0.469228925461622	-0.45984020537547	-0.43366715461938	0.882811899229853	-0.64298834121919	-0.457557973017848	-0.668096193696862	-0.0582733905386284	0.882927780754302	0.504969597197053	-0.0849331186506833	0.235608836189057	-0.642697210384826	-0.33324771513442	-0.268887265515549	0.106071156812529	0.0375884025124566
1.87270950190983	0.910394328188963	0.188535568902784	0.596038500257265	-1.08044747226039	-0.927316469549274	-1.07684322568464	0.442755510647283	0.655793382710437	-0.501546549737095	-0.0774462166105431	0.747244259388321	0.0412948490001205	-0.374378297985611	-1.21489125084413	-0.194808640220034	-0.325076993286987	0.55851051700397	-0.805028407967946	0.813802726302072	0.330006639153039
0.536359627973755	-0.963617507108706	0.0700563332371219	0.199210143284303	-0.308819676873765	-0.225926728881738	-0.346959012497665	-0.276187968820445	-0.483471883975691	-0.686805646732798	-0.419417473242919	-0.22611872348402	-0.657439467274434	-0.563407211157851	0.997148990855823	0.208436860380389	0.513343283117057	-0.495999264679633	-0.769366637628148	-0.317156551252648	-0.509981012846775
0.618339907772371	1.23535832424243	-1.02587659667025	-0.746120750536986	-0.708862974020065	-0.601084648888483	-0.730743192757128	-0.168769749833785	-0.964784917954227	-1.05828557761358	-0.583707138704957	-0.106738606826889	-0.147421299873097	-0.519536309385835	-0.88507745968125	-0.33788496333598	0.34115558472083	-0.940913714857894	-1.04048757908495	0.0265342656968293	-0.525500800831125
0.154110802220126	0.370140447451888	0.816475517930793	1.11039074419082	-0.459305272146368	-0.445670134091524	-0.451840074931659	0.809316062218618	-0.0295607608574207	-0.153311850902513	0.29893768292065	0.622866464070738	0.872506500762173	0.4059877741951	1.10256173749115	0.437690620653684	-0.833717492711936	0.273189809276912	0.0763502879885898	0.49553444793561	0.749219786080546
-0.802224394350285	-1.62611644880406	-0.158016195419278	-0.996849661818557	0.399003649289467	0.454649593308133	0.344593527040033	-1.26824917857009	-0.0709647114894655	0.490988777788584	-0.156560539744772	-1.35247227907498	-1.16522702100642	-0.632666222987462	0.209416674236201	-0.223623808093498	0.69686699931742	-0.277839137213354	0.484913537683336	-1.15667056078172	-0.768358282681729
-0.564502029381599	-1.56613223265773	0.309976785460088	0.508131935014437	-0.325457878858597	-0.165750622122024	-0.423376325491112	-0.7117841315783	0.320312029389315	0.963077358985518	0.532105734817093	-1.00931776465594	-1.03221744696143	-0.621222182468141	-0.846158236655563	-1.14443606203307	-0.262747906828805	0.397606049510449	1.07724362978647	-0.759831340623187	0.166259297510566
-1.5642934068733	-0.154919411538551	-0.593427386490586	0.897516895446077	-0.589662084827326	-0.290880428618017	-0.709381034028815	-0.788291787484087	0.768444858625727	0.583774958539193	0.0446970480954499	-0.529486648253739	-1.08764019648067	-0.66378828689269	-0.81717077593368	-0.0451745732190011	0.912023200021511	0.342565168106547	0.645823711204832	-1.06245276375146	-0.535325622859572
-0.550688210107789	-1.12694086790317	-0.782994163555645	-1.51535723786621	0.392028990820852	0.351398581455481	0.334171008531753	-0.667694882536101	0.646678932264785	1.12729424714115	0.73599200999371	-0.892034302856763	-0.782056132998314	-0.619682174429468	0.974912342892995	0.818581434212907	0.990474008400246	0.164895279012253	1.02268351687483	-1.27920255390931	-0.375991768723751
0.735438207544334	-0.686066777613148	0.618022798190809	0.294523643363994	-0.739739400611785	-0.533603746481808	-0.827660366701162	-0.121268567542302	-1.07444859544049	-1.14734847085588	-0.993581074722507	-0.461654632204405	-0.474279752408331	-0.598622992943488	-0.0997954063182616	0.0991914737938376	0.677550487198526	-1.08007998090095	-1.25067128834675	-0.398038676205813	-0.995446226198934
0.545376012539477	-0.524079698861549	0.221117358710841	-1.14604184137741	-0.485706416749201	-0.369402570172417	-0.508453660591443	0.149132066226464	-1.00280914752535	-1.12492337237095	-0.745204218353545	-0.331243886352328	0.222730593613174	-0.457284831236358	0.596071858847481	0.509461264630773	0.806619319885609	-1.22648408449778	-1.15145580609956	-0.535784430704257	-0.961711516696784
-0.753641640788747	0.341930048769208	1.50365508479163	0.883776041648759	-0.0259038222364006	-0.230644353323426	0.0570899149900232	1.03939154647679	0.0683024623865552	0.228088198844789	0.144820562700584	0.609625624207437	1.13545302042	2.21015639659769	-0.0981561834137515	-0.302682064230889	-1.13397678606496	0.513385374570977	0.399184117575401	0.638818756332606	0.864026737331416
-1.54641523283121	-0.770252546313566	0.0256266198624986	-2.01423018601811	-0.564201515837103	-0.207378356362164	-0.686481000296884	-0.881750200689471	1.0118640118876	1.68324217071007	0.823155127321122	-0.110911064344985	-1.44109434195569	-0.673676158347906	-2.48419029393997	-1.55478651003586	0.0513033398824979	0.728956438650761	1.64335234809508	-0.488562199214497	0.313302975640685
2.00309799242717	0.816112206275796	-1.14731781322756	2.05210541824377	0.104321542099693	0.210250895154592	0.0407473699953563	-0.875101362240005	1.22642736811825	-0.416023625408853	-0.213777504943505	0.0814226372060384	-0.87413347074867	-0.613853304382338	-0.67315593697838	-1.60683410469639	0.097082082310717	0.827709792164274	-1.04108084338084	0.486763047126465	-0.111986660193336
0.10583723883728	-0.252566984522634	0.274433014760389	0.564366301047728	-0.670492133843421	-0.515450627921509	-0.699677560948297	0.391362679917674	-0.845334539321849	-0.530658776817966	-0.374045174500537	-0.311370274229054	0.332744394788363	-0.408328888803036	0.598643188893688	0.733203451905188	0.55863896151477	-0.876835349611975	-0.422717141628088	-0.600064227252879	-0.566457607034622
-1.04548226090523	0.935981654713429	0.0848662376953296	-0.86693921294366	-0.572387542798408	-0.58634622245045	-0.540762525799199	0.755638136557221	-0.632215914404033	-0.490172110975445	-0.826029562005826	-0.244004222248241	0.798050985039215	0.196489943930798	-0.46209366706597	0.597780070465407	-0.0996891680364054	-0.422698943178312	-0.225358914684815	-0.215505920605102	-0.348217936861837
-0.86565825036576	0.921777471517062	0.324786689918295	-0.457867536466975	-0.509885016015573	-0.536286777614387	-0.467305333113478	0.926395173014192	-0.555791159025591	-0.538259869751916	-0.854596469688037	-0.135876648644941	0.888123882864009	0.603113501715874	-0.30055414245767	0.71975505563673	-0.277785111113726	-0.311920623633735	-0.281372241982933	-0.055418332058653	-0.217006537677434
-0.742191630300419	0.863921408253812	0.212231416035916	-0.521200215052318	-0.44064471647397	-0.487838183335402	-0.392547520437228	0.854540590314773	-0.581194943185398	-0.510697393380504	-0.883616790946982	-0.165834102342029	0.934555276585739	0.437361410763411	0.0180990049167772	1.11322601479697	-0.248193766574419	-0.347330727533514	-0.252598464489075	-0.0172565480822603	-0.281398261254682
-0.958061231349308	-1.64101351898562	0.0345125625374233	0.560634185147265	0.433533225112393	0.514646093558165	0.375831961010927	-1.28242891242915	0.743993495392588	1.72078042439901	0.759554834412616	-0.93340384032353	-1.26879371187545	-0.599184682610874	-0.739464110547169	-0.857234081888747	0.379216536707812	0.462120768299567	1.72554779242654	-0.968584013235483	-0.0438142808236001
0.42430810982818	0.0696749555175908	1.14821737779465	1.3348568105726	-0.163369993103343	-0.289805481414356	-0.0847830154823087	0.937292398249696	-0.195382389850387	-0.127618904184879	0.357664929020923	0.54499787550598	1.36014974572991	0.955341082254968	1.26084317265333	0.928589110092339	-0.622452593133936	0.146298309878807	0.0608731249632679	0.629046168216115	0.568418022231184
-0.265066302133707	-1.05686029854409	-0.341659010701054	-0.722181037097833	0.434957790743927	0.467596814942047	0.387353175793725	-1.27788216905572	-0.417602995665738	0.339574476246018	0.0715319419846023	-0.987175176579549	-1.13967479158993	-0.710570008306431	0.965060934653083	0.771246748458149	1.23856497892831	-0.709717490613622	0.324030096511228	-1.28683538689354	-0.907789567863603
-0.237802710086805	-1.33163948009889	1.39998575358418	2.07459968553858	-0.281591290213617	-0.221638305674674	-0.306400824745405	0.0797949331763827	0.377993633399332	1.59386086998425	1.09367803646832	-0.373719629855797	-0.289687748056587	-0.405608592860196	0.635599629984023	0.34569795999086	-0.421886827298327	0.466733757592671	1.65747151797463	-0.447078520990264	0.615505515533422
-1.13693273666087	1.30563686131156	0.469923753608731	-0.505745661141543	-0.518859733046114	-0.572580751842567	-0.465149481604636	1.0658818599987	-0.430591845194215	-0.181949552544925	-0.741546723331157	-0.0411179632985725	1.30820687776071	0.81703526812639	0.200933427858477	0.874834272088289	-0.900300826437231	0.0954025790835926	0.0439470583978772	0.407640440413792	0.177472897710694
1.0179382921013	-1.00083543659884	-1.77525776225556	-0.132946869665275	2.92664012972207	2.73531922407299	2.95285822648512	-2.36755053121356	-0.784315042481867	-0.986392002186921	-1.15957901648364	-1.31164152020621	-1.50533002043764	-0.6799223029279	-0.14166201640952	-1.24267253623945	1.74493447249955	-1.51176054658584	-1.63986327776196	-0.872960506368687	-1.82801028427794
-1.56665222872042	0.606761352893804	-0.249837603060166	1.55384841245786	0.000533087463806856	-0.145550198717784	0.0108506687970488	0.556810024211155	1.18418874697574	0.471549235187363	0.443394740788464	0.56668183753067	0.0054153839475903	0.0500112081882114	-0.331178683309017	0.713105583994421	0.0675857950940612	1.0213417463043	0.642857236677603	-0.0906606014660852	0.37974765055039
-1.01950529895675	0.403547498523482	0.985308428754361	0.408456052427234	-0.471747810176282	-0.443269897221905	-0.44753993488392	0.873452294819585	-0.281445001009702	-0.176844289698954	-0.170792470875007	0.12050919533758	0.873319007077085	0.796325299741301	0.103837862535389	0.102065083015885	-0.963544191507752	0.179879917669293	0.106836542845259	0.306027190600301	0.507087659588545
2.42650900745374	1.27391253577543	-1.30134081959292	-0.0288187525125768	-0.112880358700231	-0.077113388892389	-0.13370487070416	-0.29061107724745	1.66304117607762	0.699905687955971	1.9011777732553	2.24008966891446	-0.346588266031337	-0.59463177397793	1.63162467977876	0.00553901517908811	0.240429389016513	1.10475413813075	-0.143153012086893	1.45097142389138	1.21574160572735
-0.396781318256406	1.2885126543919	0.588402989274393	-0.95523123049159	-0.651665758174137	-0.664663708294199	-0.575420386939805	1.12300407506581	-0.24407455458047	-0.210026555294952	-0.077475030909565	0.343579586822596	1.03885445770472	1.03978794761091	-0.987951017895853	-0.17452889830785	-1.29399023390283	0.168147610880479	0.0136883346066182	0.949129440837965	0.694245849759018
0.278056168368602	-1.6431416718687	-1.28356893424307	0.120864357853805	2.94576841855095	2.95525868601399	2.61455527549955	-2.32569242086767	-1.66687161664196	-0.959151933393037	-1.57337787166069	-1.99414240877414	-1.5882824001043	-0.918321572513702	-0.490049381606779	-1.88763174772187	0.925057287271084	-1.79858574473977	-1.19068374327015	-0.97198781198597	-1.73713053621713
0.707506365756388	-1.19009256741036	-1.08215423361144	-1.34816990491225	1.46057537318723	1.2867680481453	1.42450361558231	-1.25347824146144	-1.108252119745	-1.05515533261496	-1.20268116009602	-1.21886868566371	-1.3257033929492	-0.679669136639514	1.46676599663569	-0.0203590518632178	0.989579605409917	-1.26988808544399	-1.27265099332906	-0.690792511518273	-1.42027335924879
0.226072322841455	1.43273213116616	0.0611703905621972	-0.596153759756628	-1.14053004894855	-0.883746113693155	-1.1802949765551	0.276577104790341	0.0232956015669266	0.330368545593616	0.718181754557916	0.741496635408128	-0.250907205476836	-0.472092197825108	-2.1317064785627	-1.05881057293209	-1.13959985877813	0.402774467209051	0.292085245087041	1.38718019722494	1.01345196137158
0.604396428101045	-0.624003900511252	0.564707142141261	0.494180124212348	-0.630785908537771	-0.462165668510833	-0.687537084885842	0.083039458485865	-1.09241863482702	-1.19533154145758	-0.583602926990162	-0.456264736544537	-0.255096962786965	-0.546933186940511	-0.148162124489038	-0.0557090316825243	0.629999357781704	-1.13332981548248	-1.19094366945362	-0.473661770185214	-0.782869718782984
0.0414708253473637	-0.435687116322486	0.173725664444576	1.65033389589787	-0.496696055758757	-0.395273684035165	-0.518174263997825	0.346923374777264	-0.997440454622067	-0.696089750651072	-0.564461862572445	-0.348450924310735	0.347881488200408	-0.430835724569552	1.14431478050528	1.14940707972689	0.958883003455462	-1.09444719177748	-0.556129089052238	-0.851993906063198	-0.868374379888248
-0.404451229463308	-0.488000083704227	-0.0336129979703324	-0.793873863653133	-0.675792335480707	-0.511819166743632	-0.7117330277687	-0.121904436355667	-0.286747557955357	0.218493230477423	0.154022340487452	-0.298098859295637	0.177360119454869	-0.614351582566579	0.940518660748751	0.94186274916817	0.514644704279834	-0.430575915228907	0.245995001593255	-0.62607747825195	-0.304413965135198
-0.209651443010754	-0.398221727194786	0.0404365243207064	-0.733715957770385	-0.489505413260571	-0.394486615708392	-0.514242854214113	0.0950117052955814	-0.681895856754118	-0.111363436418856	-0.299881765387375	-0.187114779191923	0.26759951069239	-0.568836550672679	1.04481395020147	0.958695583375641	0.655338183368878	-0.736000232382765	0.0108872537372491	-0.634712212826988	-0.5414225443114
-0.426473549287549	-0.52437665042663	0.120410008395028	-0.536178162396599	-0.69984691811074	-0.523967356253285	-0.74125050637839	-0.105084158773859	-0.430350030666595	0.117117362129375	0.0225134681230162	-0.444547391274843	0.137671728178558	-0.603180306801478	0.776105674813673	0.811559516245939	0.375805707139833	-0.428341995913401	0.258574918713715	-0.65182311105041	-0.31247829828062
0.623870422420261	0.45680081252798	1.91240844783817	1.10632526413439	0.0992809857796678	-0.213030502934581	0.225145906144384	1.34637573885508	-1.04527016858265	-1.14537825312135	-0.523565727972015	0.973722364737756	1.44424411086322	1.90978625440756	-0.141844152287799	-0.469399635258788	-1.68526950616063	-0.279355555931622	-0.822066760603956	1.33393774669448	0.925939716110747
-1.35692154880007	-1.38231921387269	-1.38723826545052	0.317765375601889	1.84505527919689	1.5991016748199	1.93240385879104	-1.49661107609432	0.98078705687165	1.45606425992641	0.291694042568679	-1.11221149775723	-1.34796480064321	-0.680364704904131	1.1998072970669	0.82238734538129	1.15178455661349	0.308049478009452	1.35362388039791	-1.24910836344585	-0.745965425118942
-1.15688547706322	-1.09531552622206	-0.0543468642118233	0.852525756448978	0.0185651992824446	0.0648500788492283	-0.0182901567729071	-0.0412002104071138	2.31264023214291	3.23967463720625	2.07274085384497	-0.3103523078447	-0.569977850750273	-0.403280327602068	0.638723795990336	0.310106008674061	-0.509603996319988	2.054084684768	3.01916760429599	-0.374805416407823	1.14660883900886
-1.29251025286486	-1.43905675957414	-1.78414370493049	0.244318480617434	2.15129462213626	1.8422305654183	2.30626636844439	-1.46603063959502	0.458525131845339	1.08887277269392	-0.0901899578018228	-1.40191019535629	-1.37170474118557	-0.679922263561775	1.44737602531162	1.07097035822036	1.5475107832561	-0.248035191565991	0.88043915529824	-1.40428358658799	-1.2215464235355
-0.608706251057792	1.31934612523279	0.671338454240357	-1.09747615313149	-0.230365452182858	-0.44530179867658	-0.167287589768302	1.27682922864781	-0.272958131870706	-0.369018292072599	-0.391844384455037	0.281222832028884	1.51649863674476	1.43227064288175	-0.243400975241191	0.651483509295206	-0.887525122273773	0.156570302529208	-0.118357329582494	0.781337829056417	0.324400675979266
0.0896496369012555	1.38650667086858	-0.0602708259951064	0.258835447839867	-0.889014091873485	-0.745375075240147	-0.904308939093651	0.505973813158158	-0.712683328843387	-0.547253566844779	-0.0369621264861172	0.97867430309332	-0.0545373594204069	0.00250822562028849	-2.16633747304244	-1.07501080191742	-1.03570739007226	-0.175504938364663	-0.379535648132268	1.39159018326694	0.726423876359784
0.247226915390012	1.31375353742377	0.348482537051428	-0.286157649946106	-0.77211889025655	-0.689875766463213	-0.771567542947361	0.495614215942208	-0.90357458967568	-0.60946451470096	0.179460152506935	0.986044484894289	0.19408165017901	0.162278098470802	-1.48230207594601	-0.94615307192803	-1.08171686254728	-0.276896940894578	-0.438275955655695	1.46555280631142	0.797113383698718
0.11687333344123	1.44149220233605	-0.39201268585896	0.573773420819566	-1.06705274657326	-0.814774821215294	-1.10795211156625	0.331611878837786	-0.614622486938463	-0.447834201623225	-0.204103584285541	0.591258445788648	-0.305271900703911	-0.41314702342942	-2.20995312325893	-0.919922096387439	-0.913187142757948	-0.151795517411406	-0.35189353159322	1.28047672542725	0.450138634939157
-0.67308263842444	-1.866498740737	-1.79006766671377	0.699370970928754	4.10198806005718	4.43018584805812	4.00393776248447	-2.55743285504675	0.699003365865334	1.97361196669056	0.75536400043644	-1.60543088701082	-1.55780081583681	-0.721612892289313	-0.0435593468183019	-1.15567824758891	1.22753660118657	0.126732652523612	1.27331602562253	-0.936526971841752	-0.77214303652709
-0.711761332391109	-1.53628860036711	-0.498643997958056	1.16962017881162	0.545603389957086	0.484299921247654	0.477530851288291	-0.927533693111225	-0.0541522881248497	0.421018447563893	-0.222599894459929	-1.31397617140993	-0.976627511749154	-0.669597177774354	0.683700644050048	-0.0362232093242018	0.533823815359627	-0.24403435941302	0.425845350752424	-1.10709214627331	-0.679644673019365
-0.106671165752927	0.214636811204554	0.490657619850222	0.927707186806616	0.234466086605372	0.0637046947878933	0.233014078938623	0.458814715158231	-0.332674008486426	-0.281421147565451	-0.181216180756781	0.17385847332575	0.639989777156407	0.509006354991416	0.539039758420643	0.542911056513687	-0.060910965342188	-0.253456461301855	-0.124712486506311	-0.220304000656849	0.059839213481989
-0.191863033859245	0.141834185832235	-0.285381373759864	-1.21472527510426	-0.331884448822089	-0.282294908450733	-0.340296172256393	0.247875787245572	-0.895781753485729	-0.660219421877608	-0.794626092401427	-0.364663171787937	0.548320865554458	-0.277534377552129	1.40648652063789	1.29000359037166	0.907658340597168	-1.0615969546905	-0.604984294134159	-0.801567399000992	-0.912343024077541
1.7478764607322	1.05119886196479	-0.81261397247206	-0.0468829227056897	-0.510129797915745	-0.571689523703971	-0.417422252482091	0.355134335634189	-0.396012999114492	-1.03564184541868	-0.556105853067319	0.270839171317538	0.620198098671189	-0.372940072354977	0.174705861386278	1.55499401040626	0.516557084779933	-0.422660384282889	-0.93872298366617	0.0357337603891092	-0.51260896140072
1.47287174453933	1.00254829721905	-1.08215423361144	-0.0478387402460663	-0.371169853631438	-0.394172566024509	-0.335857490698312	0.0326632675699504	-0.856411759774627	-1.17682847800925	-1.01219682702689	-0.241597903080181	0.22743633050869	-0.46836331054672	0.0865660243369355	1.34054558460318	0.708513249656373	-0.924176796325509	-1.1377563443086	-0.256430552979699	-0.922128308553613
-0.626195443907341	1.47544366461029	1.0593579510454	-0.591343419164587	-0.179548822603807	-0.442600074110436	-0.0814901385948453	1.30468131431868	0.62022581195643	0.491783539324992	0.620849522262221	0.812605442871656	1.56290926205741	1.83111092768321	-0.221171826990991	0.0459577443416058	-1.39561083259747	1.12443373840894	0.717888105277223	1.27651864271684	1.20945865576269
0.265678587344199	-0.718830433627067	1.50661706568327	0.564551213977947	-1.00156220847392	-0.839771306708448	-0.98121853482635	0.677832834653072	1.05272498472916	1.42344817906601	1.99417002327465	0.529887798156232	0.313513924868291	-0.174570606691248	-0.781245009636886	-0.881775210729374	-0.358546676590202	0.948661834656344	1.33993589719209	0.0202323808809629	1.2228364319134
0.643643633041437	-0.834047640878433	-0.605275310057152	-1.66567842806211	0.292988468981062	0.301247090152541	0.254980081653318	-0.763587393118304	-1.05962261844015	-1.26904315961364	-1.0198166997975	-0.603599578656187	-0.94661492995934	-0.69538335384197	1.51028790044418	0.807786816851817	1.2525626017665	-1.28294124245269	-1.390110691843	-0.730289053174825	-1.31390250957376
-0.799536434571013	-0.792870357187223	-0.101738558478088	-1.58014838463323	-0.39597132297016	-0.231225195691133	-0.483623039135655	-0.4216333468163	-0.177179059424817	0.125790023105511	0.126971613777536	-0.627507326680361	-0.765237856101913	-0.647985381901327	0.420557155437511	0.526080594575842	0.690073857378222	-0.434245390543138	0.236933653437214	-0.955879767731263	-0.458414694068138
-0.955208702603958	-1.21983721584596	-1.64789258391498	-1.88208515553626	1.08285460609842	0.981880539475389	1.05580311549626	-0.925734526688162	0.881349829404821	1.17884928740903	0.290411806262246	-0.987400698296701	-0.99997835710905	-0.688826931780157	1.83722823028036	1.72403719638241	1.40269786546662	0.245952388093356	1.13741957670713	-1.43760490969441	-0.812556302393834
-0.725260974547861	0.0115714326167731	-0.711906622156248	0.187000681077609	-0.402499614444353	-0.253175474024423	-0.463316750867232	-0.23901191740436	0.345027936452921	0.49427982656657	-0.00922973578793468	-0.465067299230177	-0.148341878835214	-0.688599717985574	0.553305283239976	0.981058968738663	1.4374974871294	-0.28669686447815	0.360862478471404	-1.25179692636488	-0.855535757426138
1.01378417244243	0.309116900827775	2.40705925674231	-0.105780295374184	0.881557026064612	0.11079076208126	1.10609839459353	1.61569713068141	-0.395986165909736	-1.04413964514219	-0.362555747187829	1.50234367984845	2.02833438608003	3.6622289177765	-0.73107943182122	-0.783097494380439	-2.3755835606243	0.52601292736885	-0.790488076045683	2.24912961193443	1.38371865740676
0.762203105754637	0.559991481393572	0.831285422389001	-0.400185119881887	-0.0519045835414179	-0.234038333121314	0.0407064713423793	0.967277176666292	-0.992689398955431	-1.22530481734708	-0.747005523675197	1.04676975394675	1.35362031175778	1.12608032277958	1.04120980258657	0.743469843905749	-0.804128740645054	-0.50376347276627	-1.00731633011662	1.04299890563741	0.32739623719168
0.686162269549923	1.64881388668999	0.227041320494124	-0.344127853556362	-0.419537270763436	-0.521792337871237	-0.343525452809119	0.792649359147425	4.49395122350071	4.07724906554807	6.54628591323101	3.05663030426884	0.784790740446997	0.506221998172054	-1.6923384923087	-1.54191141225007	-2.41193607327609	4.94054187428926	4.00687771453854	2.8077852246914	4.89345679195163
1.3374065507654	1.11662719013761	-0.975522921512346	-1.03870900083626	-0.513074147944553	-0.523509142809759	-0.499891281341936	0.15734208922378	-0.423526188853316	-1.03117659761496	-0.808335044004433	-0.0592287391793934	0.210480539822221	-0.561232370363028	0.0797112869885228	1.13361409035351	0.639646811872655	-0.625127041311307	-0.983412329613735	-0.232632056875532	-0.749821923749114
1.57668982744264	1.35552472424514	1.21338095741076	-1.65097264129818	0.447876887084239	-0.0462414076825867	0.582140826315624	1.02128124300593	1.12061457120005	-0.316303110252237	0.996000581428163	2.46680002249648	2.16459207199884	1.38278225207316	2.5051912075062	1.64339189189364	-1.24669316678469	1.49624038416088	-0.27968733873242	1.95865219798832	1.66834239748196
0.507909144595745	0.748258773654824	0.170763683552935	-1.23237274010248	-0.468451382955205	-0.451447302347624	-0.462394068690875	0.730130230973362	-1.31923198040093	-1.23402919382439	-0.856243412693502	0.380302325133535	0.825377134655568	-0.0669913220207597	0.876224695716265	0.862126023929898	-0.0549577844721926	-1.08548308079761	-1.17487446651483	0.301719108997686	-0.246766713082839
2.10262232139736	1.26282634401241	0.71576816761498	-2.09550462764547	0.24010350201784	-0.185115075177274	0.356475549311157	0.985795917995896	1.7459321024341	-0.24248148951079	0.996514436427371	3.22998923960775	1.68812507715301	0.765274765524161	1.84122236295231	0.510962911277122	-0.530979795710362	1.51015376516032	-0.546452794828383	2.28340783677409	1.4216711868206
1.93770925657223	1.25367033742241	0.929030791813172	-1.02800228173832	0.923766343704269	0.122514386327811	1.12582353655733	1.18487608011124	2.88302451090406	0.124661539439932	1.89539638997317	3.3682751451188	1.3277116445206	2.54131540496882	-1.72957885109165	-2.29198826124394	-1.03491668597936	2.7688347012316	-0.0834372288904388	2.41635217789802	2.15653985771964
-0.636568275708614	0.577759083370909	0.828323441497359	0.685929623990206	-0.722769558633169	-0.663672358125424	-0.677011142035207	0.890981594264055	-0.769105350653422	-0.655333249895216	-0.85878517689452	0.369609000112079	0.920947122681551	0.483146682623015	-0.228107989790862	0.440702612268122	-0.455647731671849	-0.514820998885151	-0.461576871295405	0.255815444763111	-0.00225032788522835
-0.668689145723997	1.72369517301787	1.29927840326837	1.90814679549039	0.34563794367979	-0.226426067879096	0.452160624568072	1.94748091017559	3.98112132779053	3.37275067917387	4.50659413291871	2.90443298645676	1.6487020215326	3.61998485575197	-0.660380712198375	-1.42171088472714	-3.22432230940142	4.52896477933011	3.21774161746916	3.21732488084239	4.44444889590504
-0.989503877746916	0.714307311380582	0.588402989274393	-0.0354443651093755	-0.54531150616341	-0.582680141033604	-0.482657102886518	0.937660742610252	-0.613048798400371	-0.529468920281376	-0.710718442019595	-0.123157113727073	0.966957148459221	0.509829209816793	-0.617738417543161	0.187605170411754	-0.641054447018046	-0.210346229206398	-0.226893295422213	0.0735250693476321	0.031497714718521
-0.790180938196403	-0.032872318290326	-0.649705023431775	0.304805844044636	-0.380121346572776	-0.210852792698107	-0.443769978421397	-0.250827776124655	-0.00772453019188496	0.274948271624134	-0.265927681475832	-0.5113493943622	-0.206358852637639	-0.664411785197943	0.642520793358648	0.987504425196907	1.58079985764629	-0.53423512532937	0.187472072964382	-1.3533323192819	-1.05033670076757
-1.10729037501339	-0.647809517645233	-0.599351348273869	-0.207725919069279	0.156766180331679	0.232109052247287	0.0858373854525386	-0.635751149865965	-0.470101371570086	-0.0660725433770336	-0.504457525576281	-0.686500946061886	-0.758069755090809	-0.6667364118366	0.949435819071737	1.08797083281174	0.885497022058747	-0.858773974632051	-0.0263399405357538	-0.930322229575571	-0.910971330746015
0.472466973628608	0.802798877774672	0.671338454240357	0.00942957555169164	-0.683410765701945	-0.632422993878832	-0.694024553416168	0.893117803983309	-0.922830255255055	-0.956788106407517	-0.411455739396063	0.580439151478329	0.700215778943755	0.294170978746537	-0.613688572720245	-0.208797913953578	-0.415374536539681	-0.700374587031576	-0.9157875971932	0.503161090463266	0.206017971579582
2.09658313903614	0.894804371022219	-1.55903315716573	1.03599063607347	0.00291123419791176	0.132154515243053	-0.0429865192998046	-0.821199522597493	1.32935891021458	-0.369975000272366	0.169090572344037	0.33567904985544	-0.840507974210697	-0.587550463412437	-1.13545429461396	-1.65160515778797	0.504763063512153	0.797238694405423	-0.876008738951901	0.25585211131373	-0.0853160126211589
-0.407433418606174	0.995520443512137	0.653566568890507	0.262101374803897	-0.501729644852009	-0.545508921355139	-0.441151608114469	1.12766851981989	-0.46102322487207	-0.21054771040078	-0.251409734125073	0.443003110616162	1.09768797612383	1.05337960166615	-0.691310598492725	0.0429085871703373	-0.856950366523809	-0.0552513944242426	0.0358656753170498	0.603417439809552	0.446296046601131
0.00661711310741436	0.498176063929243	0.644680626215583	1.21548639871774	-0.975368222746753	-0.807946259481819	-0.953101674484376	0.506317773168916	-0.428898196446616	-0.366311942751073	-0.397498641794111	0.103522236733849	0.942633726194487	-0.500736930049737	0.683942777629397	0.953460775161542	-0.492205049646072	-0.186769961273312	-0.189466756387308	0.100979744355888	0.131780993428571
1.14311044508781	0.697628531808541	-1.04661046291174	-0.185161332772849	-0.519219241946935	-0.417740947967116	-0.557029269101959	-0.511558139488424	-1.26856994275656	-1.25281289243991	-1.20526072591313	-0.0715290287358626	-0.480635039424387	-0.686034050120043	-0.476540256376071	0.082092154636437	0.684995203876573	-1.29534500108594	-1.283467238597	-0.289497114987714	-0.890847466936874
1.01449730462876	0.281648881057797	2.88986214207988	0.126755527544683	0.925757112630505	0.068674007619085	1.1716403060889	1.98529634737855	-0.261128476787945	-1.02978547920526	-0.222789039751358	1.6085003232821	2.30960279622106	4.03472135275483	-1.13593856177268	-1.11380057263256	-2.54870670949109	0.741204990794865	-0.730037892972077	2.4253090543106	1.55845106065284
2.22008965460841	1.15028170084677	-0.377202781400752	-0.378693549461953	-0.31216208779146	-0.375252268950744	-0.266922918167365	0.476734867593818	0.782353297865624	-0.409939482413438	0.431435983429086	2.32483605835108	1.02838548729177	-0.419842027802631	2.37513869070228	1.63471333900088	0.32543828850027	0.354002180332918	-0.814859714107103	1.50154816857333	0.495047003055679
1.91489401354779	1.16973202835956	0.155953779094727	-0.806100254508231	-0.621736874421777	-0.617631926731894	-0.560645052631785	0.423351429848926	0.64642480603146	-0.633102098825759	0.25269677027373	1.75021821926322	0.59972429332801	-0.32486120405273	0.31714576068823	-0.18158481880551	-0.196686524220594	0.631831504963629	-0.869641797347343	1.36407717510999	0.549850668166266
0.236190820786062	0.809975207264126	1.15710332046957	0.824085626906488	0.178117014497033	-0.2160111335295	0.295755182156719	1.24625875690684	-0.44708416421027	-0.492952862045635	0.00355070933185731	0.968008984836091	1.57904416214531	2.37701481944225	0.190749889487636	0.979387309438858	-0.722419194414571	-0.164410379062046	-0.364231454630998	0.643530408086473	0.657352464996283
