	structure_cluster	dummy_01	dummy_02	dummy_03	dummy_04	dummy_05	dummy_06	dummy_07	dummy_08	dummy_09	dummy_10	dummy_11	dummy_12	Q1	Q2	Q3	Q4	PCA1	PCA2	PCA3	PCA4	PCA5	PCA6	PCA7	PCA8	PCA9	PCA10	lon	lat	alt	verna_30d	verna_jan_feb	verna_mar_apr	pfrost_01	pcp_aut	pcp_win	pcp_mar_apr	pcp_may_jun	frost_jan_feb	frost_apr_may	tamp_win	tamp_spr	et0_spr	bal_aut	bal_win	bal_jun	bal_mar_apr_may																																																																																				
SBCC001	1	1.131974697	0.942886233	0.951714158	0.967227519	0.958212614	0.962448537	1.0230726	0.975118697	0.976722479	1.00106883	0.94607383	1.07578373	0.525	0.000	0.449	0.025	-0.0785	-0.0625	-0.0718	-0.0035	-0.0149	-0.027	-0.0039	0.0429	-0.0086	-0.0159	0.062276332	1.49637875	-0.383126743	-1.053220944	-0.776949107	-1.108066885	0.382381971	-0.292061795	-0.177208641	0.242620684	0.71476901	-0.351354462	-0.409782362	-2.189063745	-0.891193912	-1.146919273	0.210879605	-0.077710741	1.511892422	0.798142399																																																																																				
SBCC002	1	0.917071104	1.114333034	1.070876718	1.070170641	1.095381856	1.084410667	0.931342244	0.994032979	1.034944177	0.977859497	0.964544654	1.07990706	0.790	0.001	0.120	0.090	-0.0996	-0.0156	-0.1121	-0.0746	-0.0086	-0.0058	-0.0219	0.0232	-0.0199	-0.0355	0.184471283	1.597391774	-0.211331851	-0.957129417	-0.819217951	-0.968054736	0.576816914	0.966498217	1.076091901	1.981983221	1.306220382	0.100623579	-0.040102058	-1.874893283	-1.131723069	-1.565601843	1.422745534	1.081930566	1.945426526	1.974284959																																																																																				
SBCC003	3	1.019115925	1.041314125	1.001701117	1.058243394	1.006960034	0.937406301	1.002511024	1.031252265	0.988054872	0.984883666	1.024968028	0.979504466	0.075	0.000	0.767	0.158	0.0071	-0.0712	-0.0027	0.0334	0.0197	-0.0158	-0.0432	-0.0217	-0.012	-0.0071	-0.014607297	0.37919747	0.218155378	-0.365247246	-0.372281808	-0.360405462	0.526787966	-0.613627449	-0.544487673	-0.491894697	0.053031911	0.816462949	0.147734006	0.935509924	0.886176884	-0.101329339	-0.465304858	-0.378837495	-0.144613288	-0.120409025																																																																																				
SBCC004	1	1.066873074	1.042442441	0.928668499	1.024233937	0.974002063	0.967258096	0.966565192	0.978255808	0.986079931	1.021680474	1.040335417	0.970088899	0.526	0.126	0.149	0.199	-0.0955	-0.0012	-0.0541	-0.0706	0.0552	-0.0146	0.0394	0.0281	-0.0341	-0.0369	-0.670624078	0.624232003	0.620984779	-0.698878009	-0.660864679	-0.647517432	0.875551694	-0.690743869	-0.570009416	-0.77964794	0.439736592	0.904033253	0.260786319	-0.182857938	0.669857528	-0.312722998	-0.481495017	-0.380663891	0.194873733	-0.026449157																																																																																				
SBCC005	3	0.933967471	0.961136043	0.924325705	1.051102996	1.040076375	0.959797204	0.987404168	0.992428005	1.01790452	1.023308396	0.950656652	1.064006805	0.026	0.001	0.805	0.168	0.0026	-0.0846	0.0568	-0.0853	0.0045	0.0817	-0.0199	-0.0034	0.0271	0.0304	-1.18147607	-0.251478162	-0.14024431	-0.600184455	-0.314589385	-0.719633748	-0.57119757	0.744793125	0.780507811	0.497960928	-0.104492318	-0.967557274	-0.623439772	-0.712275509	-0.320100849	0.529248102	0.447493493	0.758193958	-0.624193675	-0.065983881																																																																																				
SBCC006	3	1.064386129	1.011888504	1.090685964	0.761118412	1.175387621	0.948751152	0.957844913	0.738971293	0.992571831	1.140191913	0.958284974	1.034215927	0.040	0.000	0.880	0.080	-0.0121	-0.1098	0.0501	-0.0738	-0.0268	0.0405	-0.0024	0.0002	0.0147	0.0233	1.528301564	0.500155741	-1.692322297	0.683634835	0.735593206	0.635787011	-1.297146274	0.949816803	-0.568165601	-0.119551042	0.059184838	-1.378270654	-0.737185286	-0.536691166	-1.046238335	0.861070747	0.351535174	-1.183381271	0.034722811	-0.428231149																																																																																				
SBCC007	3	0.936265945	0.999723673	1.067389131	1.037817001	0.954272985	0.977602601	0.99912101	0.974969149	1.000550508	0.979931414	1.024477839	1.000716925	0.000	0.000	0.771	0.229	0.0204	-0.0769	0.0494	-0.0756	0.0031	0.0538	-0.0232	-0.0044	0.0312	-0.0023	-0.428473312	-0.689135277	0.295166881	-0.644108175	-0.465721608	-0.689258254	-0.086263192	-0.404082849	-0.11474203	-0.23449821	-0.643505854	-0.02740851	-0.577090935	0.420665366	0.507652804	0.246084436	-0.406487563	0.094008331	-0.712150063	-0.387020206																																																																																				
SBCC008	3	1.039173365	0.959243119	0.9180246	1.018092036	0.920481563	1.080318809	1.049136996	0.956076264	1.143173933	1.035905123	1.049351454	0.986724734	0.000	0.000	0.999	0.000	-0.0151	-0.1185	0.0144	0.0017	-0.0492	-0.0326	0.0441	-0.0449	-0.0303	-0.0108	1.10514987	-0.714673112	0.410684136	-0.573235222	-0.437235208	-0.669202711	-0.112835803	-0.350745383	-0.893946401	-0.694687744	-0.666703466	-0.954856738	-0.603360291	-0.99858561	-1.469780183	-0.565074265	0.025481085	-0.864263902	0.215662239	-0.160151537																																																																																				
SBCC009	4	1.021993876	1.053488731	0.984928489	1.013376474	0.943364441	1.008370161	0.990923882	1.016414762	1.043727875	0.989201725	1.032052636	0.970670402	0.011	0.000	0.001	0.987	0.0792	0.0778	-0.0215	0.0211	0.0125	0.0001	0.0512	-0.0297	0.0129	0.0053	1.028700105	-0.844886373	-1.096964138	1.79274627	1.718450275	1.876146156	-1.692609256	-0.89459762	-1.24360279	-1.176702051	-1.027960822	-1.323724808	-0.670225346	0.269671508	-0.81307033	1.186083831	-1.336682079	-1.685185425	-0.593789961	-1.434481078																																																																																				
SBCC010	4	1.090131521	1.046342254	1.04553616	0.975570381	1.06219852	0.831895113	0.936090708	0.950589359	0.95958662	1.092889905	1.045937777	1.041546583	0.363	0.089	0.117	0.431	-0.0341	0.0245	-0.0294	-0.0481	0.0643	0.0752	0.0808	0.0351	-0.0716	-0.0763	-1.769406182	-0.256031419	-0.445328342	-0.545999868	-0.290702318	-0.6575012	-0.657018289	1.155418501	1.25239913	0.551205087	-0.518220346	-1.045120033	-0.662986071	-1.414716808	-0.945971198	0.158012098	0.959502432	1.36557018	-0.647214078	0.066499242																																																																																				
SBCC011	3	0.986099482	0.979740202	1.024188757	1.029975653	0.996301115	0.940943122	1.010234237	1.029956102	1.018719673	0.97738713	0.976649344	0.975121558	0.000	0.000	0.999	0.000	-0.0143	-0.1264	0.0207	0.0038	-0.0443	-0.0347	0.0392	-0.0388	-0.0258	-0.0082	0.505041655	-0.771786796	0.02562662	-0.236228141	-0.106701804	-0.278018873	-0.372945772	-0.794681814	-0.98287912	-0.577192912	-0.218597623	-0.633272289	-0.628854772	0.378691617	0.087783229	0.981560224	-0.974860661	-1.032564856	-0.513277359	-0.896420126																																																																																				
SBCC012	4	1.010080695	0.989289999	1.04259932	1.019124031	1.027362227	0.970208168	0.990055084	1.07068634	1.006956816	0.983460724	1.010066867	0.988761842	0.004	0.000	0.001	0.996	0.087	0.0806	0.0105	-0.033	-0.0107	-0.0077	0.0115	0.031	0.0045	-0.0016	-1.33988118	-1.758606339	-1.520527406	2.632662177	2.346760056	2.790774938	-1.880733576	1.046001531	1.704489299	0.136782883	-1.293752138	-1.453513226	-0.679102983	0.223090793	-0.721453278	0.719171768	0.496493388	1.477702386	-0.859457216	-0.637042758																																																																																				
SBCC013	4	0.957265735	1.017629862	0.961775661	0.983617187	0.966409028	0.98027426	1.00133419	1.023571253	1.034003735	0.997579694	1.017689705	1.012165308	0.031	0.000	0.282	0.688	0.0361	0.0108	-0.0047	0.0235	0.0187	0.0107	0.0159	0.024	0.0143	-0.04	0.712428474	-1.04354697	-0.865929629	0.80344884	0.806772268	0.771863039	-0.974502875	-0.740247817	-0.925125534	-0.813723387	-0.843692518	-1.223350721	-0.677371773	1.378999002	0.238298199	1.247952322	-1.003539464	-1.169712674	-0.705301037	-1.277952312																																																																																				
SBCC014	4	0.941082299	0.987771571	1.030143499	1.009186864	1.042999983	0.975163817	0.972273469	1.002953291	0.940680504	1.046300888	0.963123977	1.052266836	0.000	0.000	0.009	0.991	0.0898	0.0823	0.0625	-0.0481	-0.001	-0.0511	-0.0122	0.0186	-0.0066	-0.002	-0.861972903	-1.313525435	-1.487945616	1.153287695	1.031862593	1.14034213	-1.079246787	0.08844536	0.675814379	-0.06897001	-1.324158663	-0.98605435	-0.671899709	1.563949416	1.392336183	1.5121123	-0.519560275	0.587921953	-1.617713387	-1.147254901																																																																																				
SBCC015	3	1.02562511	0.941257954	0.94866389	0.964516342	1.0139395	0.97397238	0.991176486	1.015688539	1.006087899	1.01099813	1.014049888	0.992556691	0.000	0.000	0.738	0.262	0.0139	-0.0692	0.0142	0.0472	0.0384	0.0002	-0.0009	0.0426	0.0116	-0.0154	0.048652017	-0.664488297	0.795741652	-0.733987723	-0.57387344	-0.758328585	0.436731873	-0.515960897	-0.142927835	0.262790968	-0.129786584	0.202228866	-0.330529475	0.143259566	0.018144465	0.031928065	-0.472776684	0.040990277	-0.302021837	0.014205663																																																																																				
SBCC016	4	0.997366548	1.003715515	0.994270325	0.971788764	1.001192689	0.985495746	1.03324461	1.062070966	1.032402992	1.064863563	0.946442127	0.944289207	0.362	0.000	0.035	0.603	0.009	0.0539	-0.0866	0.0251	-0.0423	0.0153	-0.0527	-0.0111	0.0077	0.0308	0.90685424	1.231992873	-0.397936648	-0.837106859	-0.697693659	-0.870324728	0.154150319	0.165346484	-0.568877847	-0.006835062	0.312118084	0.021784698	-0.466954196	-0.668873601	-0.167648526	0.211461966	-0.023460417	-0.647626753	0.189197084	-0.108305916																																																																																				
SBCC017	1	1.024945259	0.988342285	0.996839821	1.003535628	0.990675926	0.977274537	1.021547079	0.996670365	1.003742576	0.949194849	1.019628286	0.99809742	0.752	0.000	0.052	0.196	-0.0862	0.0086	-0.1311	-0.0099	-0.0149	-0.0406	-0.0079	-0.0012	-0.0292	0.0527	0.249879967	0.846698217	0.967536543	0.287106272	-0.169411993	0.407978302	1.22577942	-0.586739946	-0.55660933	-0.161903671	0.919382026	1.564916413	2.565682273	0.250424032	1.186477746	-0.651414831	-0.290821695	-0.426120721	0.608230044	0.528260048																																																																																				
SBCC018	4	0.943396747	1.024319887	0.999273837	1.017729044	1.033554912	0.948771775	1.040854096	0.995388687	0.954097211	1.030013204	1.011016726	1.07520628	0.000	0.000	0.001	0.999	0.0918	0.0918	0.0594	-0.0366	0.0035	-0.0359	-0.0059	0.0236	-0.0264	-0.0173	-0.872984063	-1.478135586	-0.8392718	0.906465791	0.93375751	0.846342484	-1.328588252	-0.064664275	0.610115692	0.065383245	-1.06542045	-1.249133182	-0.671511254	0.287160838	0.027370221	1.069911685	-0.45093737	0.62363984	-1.388966968	-0.726533151																																																																																				
SBCC019	3	1.020771623	1.010946631	1.004432797	0.977157593	0.94758749	1.015477896	1.02773118	0.998376071	1.032799006	1.051206946	0.977554977	1.033349752	0.000	0.000	0.999	0.001	-0.0096	-0.1195	0.0272	0.0003	-0.0451	-0.0482	0.0248	-0.0369	-0.0194	-0.0133	-0.531244137	0.603445394	1.127483512	-0.719119196	-0.64795806	-0.683138874	0.940814764	-0.59805756	-0.314400094	-0.47183967	0.43134557	0.904154172	0.508079718	-0.271701677	0.359237293	-0.546650427	-0.355231279	-0.191916133	0.347882296	0.214147758																																																																																				
SBCC020	3	0.990535259	0.946554005	0.984183967	1.054982901	0.938694894	1.059803486	0.982782066	1.028304935	0.998072684	1.049929738	1.039468527	0.952020109	0.116	0.000	0.459	0.425	0.0184	-0.0224	-0.0265	0.0569	0.0028	0.004	-0.0519	-0.0022	-0.0103	0.0102	0.155562001	-0.142595922	0.55878318	-0.666367071	-0.532855112	-0.67654327	0.553071012	-0.645028612	-0.332342802	-0.27528046	-0.228525287	0.547524974	-0.17499682	0.351669081	0.603247361	-0.084075571	-0.510870793	-0.189148417	-0.221319236	-0.16404411																																																																																				
SBCC021	4	1.028533459	1.045466542	1.047541857	0.887237012	0.999112427	0.990485251	0.913729846	0.978608906	0.999731541	1.068747997	1.009574294	0.974933803	0.000	0.000	0.001	0.999	0.0936	0.0851	0.0474	-0.0519	0.0077	-0.0285	-0.0124	0.0324	-0.0599	0.0332	1.021493979	-1.146945505	-1.763409839	3.158750967	2.766673645	3.065595899	-2.410726598	-0.832785439	-0.774288846	-1.40637287	-1.522923602	-1.540850892	-0.679425459	-0.725445005	-2.470568762	0.922799244	-1.148620082	-1.253688728	-0.646270271	-1.501069588																																																																																				
SBCC022	3	1.034054279	1.006631851	0.998919249	1.021357059	0.941491902	1.021456003	1.018584013	1.01637578	1.032875657	1.07310009	1.0176301	1.016007543	0.001	0.000	0.998	0.001	-0.0212	-0.1192	0.0178	-0.0011	-0.047	-0.0386	0.045	-0.0403	-0.0366	-0.0072	-0.475879148	0.565980005	0.908296926	-0.935517544	-0.767619439	-0.914576	0.89902632	-0.4068956	-0.195048603	-0.261121251	0.599914982	0.827399208	0.302621822	-0.25949643	0.321544302	-0.686020881	-0.202954572	-0.063968477	0.548766422	0.394771286																																																																																				
SBCC024	1	0.943218768	1.003281832	1.078733921	0.972627997	0.9468925	1.003288984	0.980557978	1.000540257	1.028594255	1.002861977	0.966677487	1.013110876	0.686	0.000	0.194	0.120	-0.0856	-0.0259	-0.0987	-0.0545	-0.0186	-0.0113	-0.0485	-0.0157	-0.0564	-0.0342	-0.238939732	1.314347441	0.940878715	-0.791947153	-0.750851653	-0.716856922	1.011175806	-0.053911736	-0.138506246	0.219589003	0.639656947	0.934237905	0.820707342	-1.315648819	-0.633209595	-1.340588198	0.357395849	0.088658698	1.205762914	0.909782248																																																																																				
SBCC025	4	1.007339001	0.983909309	0.97512579	0.973748028	0.986427188	0.967891514	0.970880866	1.012862682	1.041366816	1.067943215	0.984592736	1.046982288	0.000	0.000	0.380	0.620	0.0525	-0.0046	-0.0113	0.065	0.0096	0.0092	0.03	0.0135	0.0066	0.0264	0.335804915	-1.432306061	-0.166902138	0.749362259	0.556869027	0.822296646	-0.208394553	-0.770604538	-0.44277054	-0.644601975	-1.155014364	-0.212637681	-0.275676176	1.89154972	0.762976226	0.210239183	-0.667302151	-0.487357314	-0.641467906	-0.720700698																																																																																				
SBCC026	4	1.018153191	1.050412416	0.922084451	1.035812974	0.994305313	0.949184835	1.018047214	1.039047122	0.951295078	1.054770827	1.031497359	0.99471277	0.400	0.000	0.158	0.443	-0.0142	0.0054	-0.0758	0.0285	0.0328	0.0459	-0.0428	-0.0141	-0.024	-0.0574	-0.017918624	-1.625423562	1.75246148	-0.702572033	-0.996707617	-0.65903415	0.74870032	0.567955045	1.274927431	0.272299412	-0.867243639	-0.17741269	0.331889611	-0.734107173	-2.205584668	-1.28931687	0.932822728	1.282064442	0.000189111	0.602781523																																																																																				
SBCC028	3	0.990488946	1.017174602	1.010089993	1.037019253	0.964873374	0.997612834	1.010148287	1.030194759	1.020270824	0.981370568	0.961743355	1.03980267	0.000	0.000	0.528	0.472	0.0429	-0.0258	0.0041	0.0905	0.0151	-0.0309	-0.0277	0.0105	0.0087	0.0438	0.299125983	-0.297555147	0.327748671	-0.740167653	-0.567535469	-0.756156245	0.426203461	-0.749421459	-0.408087896	-0.336467281	-0.315900827	0.502427604	-0.343217957	0.538873693	0.770350031	0.333035961	-0.740136853	-0.332774749	-0.443254247	-0.45788339																																																																																				
SBCC029	1	1.094640613	0.887718558	0.940074503	0.74190855	1.313481331	1.087783337	1.169073462	0.891537607	0.876394391	1.120704055	0.918882728	1.027007699	0.999	0.000	0.001	0.000	-0.1582	-0.0136	-0.1515	-0.0829	0.0412	-0.0342	0.0434	0.0201	0.0447	0.0326	1.347924004	0.630962905	-0.747450393	-0.387200978	-0.319573802	-0.397666276	-0.158198196	-1.099151244	-1.059217828	-0.910285934	0.104014618	-0.358445143	-0.584764432	-0.307759224	-0.008747583	0.086974032	-0.900127835	-1.166000755	0.191403744	-0.397344067																																																																																				
SBCC033	1	0.981214345	1.230524302	0.976156533	0.996159017	0.850642204	0.949227154	0.942597628	0.982262433	1.132328868	0.895735383	1.045775294	1.064425468	0.999	0.000	0.000	0.000	-0.1443	-0.0195	-0.1454	-0.0965	0.0368	-0.0288	0.0391	0.0562	0.0405	0.0233	-1.645525646	-1.408302476	-1.7693338	2.384223876	2.092563457	2.501002628	-2.090045142	0.556648795	0.921832275	-0.052365702	-1.434217481	-1.406142004	-0.678179192	0.848096488	0.204738492	1.503257279	-0.067556953	0.828601457	-1.417286879	-1.187374839																																																																																				
SBCC034	4	0.961177468	0.945876777	1.039044738	0.939206541	0.926705778	1.005869389	1.027392745	0.937013566	1.045068502	0.969214082	0.989017487	0.96725291	0.004	0.000	0.048	0.948	0.0833	0.0607	0.0273	-0.0442	-0.0032	-0.0299	-0.0024	0.0187	-0.0094	0.0142	-1.815330897	-1.245127591	-1.156203756	1.280388955	1.260182995	1.24670154	-1.591312505	1.005919984	1.214525783	0.850711065	-1.059139597	-1.414007072	-0.657058064	-0.647543347	-0.591010082	0.617515739	0.535540928	1.174711	-1.059483249	-0.201875661																																																																																				
SBCC037	3	1.010735989	1.049519181	0.936255991	1.042546511	1.007936597	0.930317819	0.995432854	1.037570119	0.905525029	1.059076428	1.047756672	0.953145266	0.150	0.001	0.446	0.403	0.0055	-0.03	-0.0223	0.0496	0.0074	0.0191	-0.0008	0.0175	0.0243	0.0094	-0.06227744	-1.616168571	2.561082263	-1.261292061	-1.91983438	-1.138861215	1.44305781	1.286910674	1.800337037	0.56921128	-0.868116893	0.176918022	0.798459701	-1.151449039	-2.46720093	-2.801639554	2.008981943	2.045954182	0.604371008	1.519818226																																																																																				
SBCC039	4	0.93710655	1.020191193	0.970251679	1.019202113	1.009487629	1.016714692	1.043290138	1.008060813	0.981639564	1.021190166	0.944282055	0.943229556	0.334	0.000	0.012	0.654	0.0195	0.0477	-0.0835	0.0246	-0.025	0.0258	-0.0583	-0.0212	0.0097	0.0395	0.728845475	0.843332766	-0.726716527	-0.357327832	-0.293334652	-0.390776673	-0.000909762	-1.050838848	-1.133457744	-0.542669745	0.459369334	-0.213974051	-0.594592648	0.380587973	0.477065551	0.829447768	-1.238812667	-1.315792975	-0.006011346	-0.601982588																																																																																				
SBCC040	1	0.990727246	1.007718086	0.997586906	0.961058021	0.98341316	0.96791476	1.010210037	1.026496887	1.015269876	1.062375188	0.95532757	0.970143974	0.773	0.000	0.110	0.117	-0.1009	-0.0109	-0.1228	-0.0342	-0.0069	0.0122	-0.0327	-0.0022	-0.04	-0.055	0.830504214	1.266884682	-0.489758055	-0.833449529	-0.692671183	-0.86629589	0.111237145	-0.212318877	-0.813214789	-0.218540509	0.105385971	-0.028679806	-0.477631677	-0.912339986	-0.177952083	0.075022734	-0.301746901	-0.787671129	0.189408036	-0.183178092																																																																																				
SBCC041	4	1.037822127	1.019752383	0.999289155	0.975175142	1.004374146	1.007407784	1.025568008	0.956584871	0.995848775	0.998846054	0.979934096	0.958674312	0.116	0.000	0.186	0.697	0.0513	0.0297	-0.0371	0.0426	-0.0143	0.0172	-0.0287	-0.032	-0.0058	-0.0168	1.425101862	0.808045022	-1.573843062	-0.381496213	-0.362870038	-0.388283568	-0.359625118	-0.997536581	-1.203007379	-0.996014991	-0.129711675	-0.261405059	-0.679468879	-0.088425842	0.617818632	1.083598211	-1.19386742	-1.26744043	-0.382257774	-1.048372002																																																																																				
SBCC042	4	1.030670285	1.039582372	1.107479334	1.026359558	1.025042772	0.889006436	1.011357188	0.979202211	1.05869627	0.957984328	1.044190168	1.045168877	0.017	0.000	0.207	0.775	0.0616	0.0328	0.0118	0.0247	-0.0106	-0.0065	-0.005	0.0106	0.0357	-0.0036	0.422328295	-1.230280013	1.737651575	-0.891519042	-0.811313994	-0.776224208	0.658334499	-0.857302149	-0.597169826	-0.823478262	-0.676014675	0.509446788	-0.115794936	0.155889082	-0.276477184	-1.361639938	-0.180513156	-0.400282451	0.174269512	0.209778079																																																																																				
SBCC043	3	0.967726231	0.931693137	0.949070275	0.931239903	1.069563627	0.952536881	1.016396046	1.030241132	0.997515857	0.991703153	1.050373912	0.99997139	0.000	0.000	0.998	0.002	0.0019	-0.1129	0.0291	0.0275	0.0134	-0.0195	-0.0037	-0.0079	0.0038	-0.0112	-0.314471901	0.618985859	1.503655085	0.377398744	0.050180519	0.431970608	1.253091064	0.355524139	0.3971084	0.79703277	1.278722387	1.295674912	1.876321905	-0.993273671	-0.73851306	-1.794058723	1.058438316	0.726390319	1.286433135	1.671550884																																																																																				
SBCC044	3	1.022372127	1.003946304	0.996722162	0.988539457	1.008828044	0.991048813	1.00952971	0.978050411	1.004534602	1.038835168	1.029564023	0.997260213	0.001	0.000	0.999	0.000	-0.0269	-0.1357	0.0135	-0.0084	-0.0403	-0.0461	0.0373	-0.0443	-0.0361	0.0113	-0.426922374	0.56533661	1.160065301	-0.590944055	-0.540626795	-0.570144675	1.04000983	-0.293757969	-0.027902961	-0.000727734	0.772528742	0.909545728	0.734590397	-0.396752956	0.063672272	-0.96826854	0.121502998	0.131849043	0.731548225	0.716359289																																																																																				
SBCC046	1	1.045082331	0.976538479	0.987850845	1.037118554	0.990598679	1.004975915	1.022366166	0.99038595	1.053290009	1.008761406	0.980559707	0.978176236	0.750	0.000	0.102	0.148	-0.0937	-0.0003	-0.1156	-0.0241	-0.0207	-0.0486	-0.038	0.016	-0.0092	0.0465	0.312396226	0.837938146	1.456263391	0.067873192	-0.282507714	0.166341138	1.219100218	-0.444389795	-0.510193267	0.014004194	0.911302014	1.475188579	2.074740647	-0.187553829	0.478011296	-0.856193365	-0.139664029	-0.364099145	0.782966633	0.686512939																																																																																				
SBCC047	4	0.965434909	0.940346658	0.981183946	1.041166902	0.991650045	0.976695061	1.014889121	0.999770761	1.016584158	0.93509686	1.055388927	1.044740796	0.001	0.000	0.213	0.786	0.0567	0.0263	-0.0191	0.0503	0.0068	0.0374	0.0212	-0.0121	0.0045	0.0061	-0.257017384	-0.040840519	-0.27353345	-0.210525113	-0.207943945	-0.204448192	0.238080313	-1.323363031	-0.964844753	-1.010402794	-0.451613779	0.653928303	-0.175525931	1.525199472	1.498821039	1.024902042	-1.52746761	-0.874768567	-0.9939406	-1.098607723																																																																																				
SBCC048	3	1.019611597	0.933116257	0.966674328	1.024931073	1.015872121	0.873995841	0.9755041	1.044590116	0.991074324	0.978182971	1.058362603	0.996740282	0.000	0.000	0.754	0.246	0.0255	-0.0744	0.003	0.0555	0.0373	-0.0191	0.0001	0.0197	0.0174	0.0015	-0.684073851	-0.062517983	-0.169864119	-0.391311642	-0.262815752	-0.441525692	0.065453184	-0.187611494	-0.02679482	-0.116433129	-0.229637731	-0.038188199	-0.524419119	0.919596605	0.873068513	1.06909592	-0.468174861	0.026731629	-0.889194741	-0.660082069																																																																																				
SBCC049	4	1.011381984	1.002435923	0.98069793	1.026382327	0.960221708	1.019417644	1.019172549	1.023965955	1.010761023	1.047888994	1.023528934	0.978964627	0.008	0.000	0.269	0.723	0.0552	0.0125	-0.0205	0.0564	0.0052	0.0309	0.0236	-0.0035	0.0403	0.0129	-0.07957713	-0.124234416	0.215193397	-0.625305023	-0.498247884	-0.648895781	0.396106139	-0.917452407	-0.596566269	-0.487317408	-0.108287051	0.439179261	-0.302887459	0.863415187	0.856629475	0.450103375	-0.938109734	-0.470645693	-0.522233997	-0.494658682																																																																																				
SBCC050	3	1.005640149	1.072007179	0.979254544	1.019442677	0.987974226	1.069662809	1.04223597	1.022085547	1.042640209	1.026939631	1.002505898	1.042530298	0.000	0.000	0.665	0.335	0.0402	-0.0541	-0.0044	0.0684	0.0124	-0.0435	-0.0288	0.0272	0.0364	0.0313	-0.02940853	0.022113213	0.529163371	-0.538265782	-0.466983191	-0.534521734	0.591466516	-0.548265234	-0.359379094	-0.193081154	0.069617847	0.679441985	-0.014634605	0.534395294	0.712984598	-0.103612443	-0.434995208	-0.199089739	-0.163581323	-0.014659867																																																																																				
SBCC051	3	1.007560015	1.013241291	0.948480129	0.985402942	0.987674773	0.925298333	0.983861327	0.970640302	0.965901256	1.003130913	1.000645518	1.026688814	0.000	0.000	0.855	0.145	0.0246	-0.0924	0.0299	0.0393	0.0257	-0.0046	-0.0241	0.0107	-0.0018	-0.0101	-0.882150056	-0.012432152	-0.6378571	-0.310229379	-0.182922261	-0.359026256	-0.367047104	0.651633605	0.837042168	0.407745004	-0.047627151	-0.127118834	-0.625065007	0.487620657	0.860939889	1.306250978	0.23283737	0.834520938	-1.080471754	-0.43914311																																																																																				
SBCC052	4	0.932981014	1.026897669	1.013792276	1.042891145	0.998173177	0.993930042	1.000665545	1.042073965	0.959891438	0.964207649	0.975818932	0.997773945	0.000	0.000	0.202	0.797	0.0869	0.0201	0.0429	-0.0452	-0.0228	0.0001	-0.0271	-0.009	0.0097	0.0104	-1.581199128	-0.557882685	-1.250987144	0.558934017	0.606151348	0.50388029	-0.842003007	-0.202088797	0.163808059	-0.283677701	-0.857389232	-0.833963637	-0.668099603	0.288826846	0.580421383	1.105463987	-0.635854875	0.2063621	-1.138300143	-0.949740181																																																																																				
SBCC053	4	1.06572175	1.102109909	1.059087634	0.939827085	1.047031283	0.869064689	0.969743013	1.035672784	0.933653533	1.114650607	1.117272019	1.002890229	0.000	0.000	0.019	0.981	0.0789	0.0769	0.0449	-0.0302	0.0004	-0.0556	-0.0133	0.042	0.0167	-0.0274	-1.727715377	-0.285479116	-0.317963164	-0.582732481	-0.296618415	-0.704031233	-0.656084181	1.728719075	1.704433983	0.785268578	-0.383117673	-1.10249207	-0.65325586	-1.491373514	-0.934865022	0.171255311	1.281920196	1.583818998	-0.643719327	0.198609846																																																																																				
SBCC054	4	1.049649119	1.030081749	1.012121081	0.988600194	1.03417933	0.938017786	1.022449493	1.09267211	0.978282392	1.025068641	1.029610991	0.982969165	0.000	0.000	0.501	0.499	0.0535	-0.03	0.0497	-0.0599	-0.0164	0.0312	-0.0359	0.0031	0.0269	-0.0026	-1.666480761	-0.361597701	-0.53714975	-0.214416077	-0.000562133	-0.314558286	-0.801760975	1.355681653	1.522600909	0.614755298	-0.439172355	-1.125680365	-0.663820372	-0.873848247	-0.377378507	0.302982292	1.090199473	1.479590588	-0.685786813	0.014988276																																																																																				
SBCC055	3	0.962384164	1.008333802	1.00914216	0.962853432	1.040240288	1.001383305	1.013812661	1.00255096	0.997427285	1.00793612	1.015439153	0.993149817	0.000	0.000	0.645	0.355	0.0403	-0.0564	0.0572	-0.0676	-0.0057	0.0567	-0.0386	0.0014	-0.0047	0.0041	-1.409773122	-0.61039362	-0.916283304	0.033851295	0.214708457	-0.063915067	-0.814390779	-0.179714955	0.183606239	-0.310607751	-0.700282537	-1.011973959	-0.667833894	-0.069914408	0.145107542	0.935695066	-0.578458572	0.233800561	-1.062508478	-0.814818024																																																																																				
SBCC056	3	1.006461501	1.06020534	0.987357914	1.032404542	1.022094131	1.070001245	0.983910024	1.044968128	1.051466942	1.041756868	0.918823719	0.903615773	0.000	0.000	0.683	0.316	0.0211	-0.0565	0.053	-0.0858	0.0008	0.0759	-0.0317	0.0011	0.0266	0.0051	-1.409030068	-0.986334302	0.295166881	-0.62955689	-0.350479432	-0.745593044	-0.454758079	1.469205366	1.933785202	1.26011917	-0.363034866	-1.167620109	-0.621967789	-1.31979616	-1.029165111	-0.024147978	1.210054598	1.944048629	-0.56826528	0.508264493																																																																																				
SBCC057	4	1.023911834	1.02169013	1.020485401	0.955561697	0.993611693	0.985070407	0.994060576	0.977127254	0.997924209	1.038749814	0.998896182	0.963701546	0.142	0.000	0.002	0.856	0.0556	0.0659	-0.0559	0.0241	-0.008	0.0213	0.0099	-0.0261	0.0181	-0.0012	1.291626457	0.225624019	0.105600104	0.374851525	0.285370234	0.39449074	-0.244994758	1.085483592	-0.219643924	0.357031289	0.390984643	-0.409983219	-0.067442723	-0.409994235	-1.541141215	-1.190129739	1.350794982	-0.404323372	1.149172379	0.903292029																																																																																				
SBCC058	4	1.098373532	1.080648541	1.12050724	0.920454025	0.986629248	0.98977381	0.965275943	0.78972435	0.931869507	1.015538812	1.037635326	0.974909425	0.003	0.000	0.002	0.995	0.0748	0.0609	-0.0191	0.0038	0.0241	0.0001	0.0535	-0.0536	0.0192	0.0045	2.000395072	0.742468218	-1.760447858	0.947238931	1.006376714	0.924136433	-1.53653576	1.355521285	-0.625311287	-0.552927567	-0.273442206	-1.334637386	-0.669950262	-1.099448174	-2.992246658	0.261895061	0.700856505	-1.377389665	0.343777547	-0.445922328																																																																																				
SBCC059	3	1.059659958	0.990095675	0.959772825	1.010148048	1.05035603	0.962740123	0.969106793	0.986542523	0.999836087	1.018027425	0.931298137	0.987801433	0.000	0.000	0.865	0.134	0.0167	-0.0892	0.0087	0.058	0.0375	-0.018	-0.025	0.0296	0.0174	-0.017	0.407387428	0.353362684	1.900560524	0.458843302	-0.015016794	0.611884211	1.250711949	1.367703876	1.023364033	1.605204429	1.645103207	1.806719616	2.73989414	0.963024227	0.41732864	-1.282492619	1.50328196	0.987396101	1.308063067	1.823899348																																																																																				
SBCC060	3	0.993071139	0.94486779	0.981734097	1.058643818	0.969409704	1.030338168	0.996800303	1.01651454	1.027892351	1.043007731	1.016571641	0.994427741	0.009	0.000	0.861	0.130	0.0091	-0.095	0.015	0.0616	0.0331	-0.014	-0.0263	0.0265	0.0156	-0.0058	0.177190353	-0.21574499	0.410684136	-0.763435403	-0.58952777	-0.789768728	0.480348206	-0.722727155	-0.395164849	-0.246242507	-0.215247941	0.391445842	-0.362779748	0.340797712	0.544101145	0.203332837	-0.633403195	-0.246081026	-0.366880203	-0.303165791																																																																																				
SBCC062	3	0.942395151	1.039069891	0.964520335	0.986047685	1.00262785	0.96505785	1.014685035	0.932730317	0.980010688	0.981063485	1.038187027	1.008458138	0.000	0.000	1.000	0.000	-0.0214	-0.1254	0.0209	-0.0004	-0.0477	-0.0355	0.0455	-0.0494	-0.0428	-0.0003	-0.878205387	1.233725091	0.481771677	-0.575566921	-0.636873153	-0.531885591	1.067901306	-0.40547123	-0.424043928	-0.764219049	0.056671996	0.984186774	0.553973914	-0.520277509	0.256229394	-0.503680197	-0.149128989	-0.189853151	0.330816874	-0.075277976																																																																																				
SBCC063	4	1.032637954	1.011245966	1.011228919	1.070514083	1.009276509	1.009625435	1.03404367	1.051043391	1.025150299	1.062897682	0.996913552	1.024745703	0.046	0.001	0.014	0.939	0.0743	0.0706	0.0263	-0.0495	-0.0059	-0.0073	0.0222	0.0112	-0.0131	0.0102	-1.198227196	-1.744600123	-1.165089699	2.967597204	2.466886453	2.781255187	-2.064375045	0.783642554	1.610186511	0.33301265	-1.109527435	-1.555745357	-0.754137869	0.526753086	-0.041804369	1.049599663	0.132834736	1.376514526	-1.175786691	-0.644810589																																																																																				
SBCC064	4	0.923387647	0.963226914	1.037573576	0.999547303	0.990603328	0.977428436	1.013012171	0.997886419	0.970736206	0.991789699	0.998466492	0.956836522	0.000	0.000	0.014	0.986	0.0873	0.0632	0.02	-0.0198	-0.0164	-0.021	0.021	0.027	0.0057	-0.0155	-0.352706757	-1.065273926	-1.153241775	0.462136013	0.462098553	0.420412349	-0.994771896	-0.081152806	0.596938468	0.318768918	-0.963656557	-0.882754995	-0.656931531	0.92715953	0.650196948	1.259136248	-0.455411866	0.56924706	-1.273374477	-0.795585053																																																																																				
SBCC065	4	1.020445466	0.988318145	0.964560747	0.962351024	1.023311138	1.066830397	1.054962516	0.994728327	1.011234641	0.955817223	1.066571593	0.950389683	0.000	0.000	0.045	0.955	0.0816	0.058	0.0322	0.0029	-0.0048	-0.0199	-0.0139	0.0225	0.0172	0.0003	0.026829174	-0.939069511	0.078942276	-0.251591805	-0.070415457	-0.337078241	-0.869083352	0.191784135	0.810867839	0.953270211	-0.430871285	-1.088884166	-0.800073853	0.489740933	0.648831312	0.739510578	-0.088520509	0.711846492	-0.934750787	-0.051202493																																																																																				
SBCC066	4	1.010524511	0.942969561	0.953832686	1.041120052	0.975889027	1.043613434	1.007168651	0.992456794	1.063177943	0.994847953	1.024117351	1.00083828	0.004	0.000	0.075	0.921	0.0622	0.0534	-0.0258	0.047	0.0156	0.035	0.0505	-0.0269	0.0193	0.001	1.147553807	-0.676910771	-0.146168272	0.035060341	0.092702697	-0.013713576	-0.394653471	0.392780308	-0.26036511	-0.04610902	-0.313588985	-1.026267836	-0.633377468	-1.145864967	-1.407414797	-0.376286101	0.6395747	-0.326594424	0.227108393	0.132141968																																																																																				
SBCC067	3	1.01613915	0.997651875	0.892218709	1.003434181	1.001365185	0.971509337	1.037035346	0.981465757	0.992232978	1.033228993	0.998775959	0.969428718	0.000	0.000	1.000	0.000	-0.021	-0.1316	0.0244	0.0049	-0.0327	-0.0419	0.0367	-0.0468	-0.0364	-0.008	-0.974777449	0.49396925	0.754273919	-0.469228925	-0.459840205	-0.433667155	0.882811899	-0.642988341	-0.457557973	-0.668096194	-0.058273391	0.882927781	0.504969597	-0.084933119	0.235608836	-0.64269721	-0.333247715	-0.268887266	0.106071157	0.037588403																																																																																				
SBCC068	4	1.029904366	1.00685823	0.9955374	0.938095748	1.052841902	1.028532147	1.041017532	0.880475163	0.946137905	0.864351392	1.038388968	0.951168001	0.415	0.000	0.108	0.477	-0.0123	0.0129	-0.0801	0.0244	0.0248	0.0665	-0.0308	-0.0045	-0.0313	-0.0606	1.872709502	0.910394328	0.188535569	-1.080447472	-0.92731647	-1.076843226	0.442755511	0.655793383	-0.50154655	-0.077446217	0.747244259	0.041294849	-0.374378298	-1.214891251	-0.19480864	-0.325076993	0.558510517	-0.805028408	0.813802726	0.330006639																																																																																				
SBCC069	4	1.011740685	0.982672632	0.997298598	1.004919648	0.979459882	0.95967561	1.050415516	1.010372162	1.014550209	1.019160628	0.979501069	1.019526362	0.032	0.005	0.105	0.859	0.0733	0.0622	0.0231	-0.0421	-0.0522	-0.019	0.0341	-0.0075	-0.0201	-0.0004	0.536359628	-0.963617507	0.070056333	-0.308819677	-0.225926729	-0.346959012	-0.276187969	-0.483471884	-0.686805647	-0.419417473	-0.226118723	-0.657439467	-0.563407211	0.997148991	0.20843686	0.513343283	-0.495999265	-0.769366638	-0.317156551	-0.509981013																																																																																				
SBCC070	4	0.968470871	1.031307578	0.98851651	0.991141677	0.991211772	0.962772727	0.986050367	1.034891605	1.020902991	0.99322176	0.98653388	0.973467767	0.331	0.000	0.004	0.665	0.0204	0.0609	-0.0789	0.025	-0.0328	0.0309	-0.0663	-0.0273	-0.0124	0.0261	0.618339908	1.235358324	-1.025876597	-0.708862974	-0.601084649	-0.730743193	-0.16876975	-0.964784918	-1.058285578	-0.583707139	-0.106738607	-0.1474213	-0.519536309	-0.88507746	-0.337884963	0.341155585	-0.940913715	-1.040487579	0.026534266	-0.525500801																																																																																				
SBCC071	3	1.053447366	1.003966928	0.96728301	1.01495266	0.998795033	0.942452013	0.990162313	0.994617701	0.965839922	1.018885732	0.997818589	0.97691226	0.000	0.000	0.919	0.080	0.0122	-0.0945	0.0187	0.0376	0.0226	-0.009	-0.0281	0.0316	0.0004	0.0114	0.154110802	0.370140447	0.816475518	-0.459305272	-0.445670134	-0.451840075	0.809316062	-0.029560761	-0.153311851	0.298937683	0.622866464	0.872506501	0.405987774	1.102561737	0.437690621	-0.833717493	0.273189809	0.076350288	0.495534448	0.749219786																																																																																				
SBCC072	4	0.956994474	0.987880528	1.025091767	1.064086676	0.97885716	1.040040374	1.090875626	0.897408783	0.997240901	0.983455658	1.005624294	1.078261018	0.000	0.000	0.001	0.999	0.0919	0.0737	0.0271	-0.0289	-0.0052	-0.0415	-0.0117	0.0346	-0.0066	-0.0223	-0.802224394	-1.626116449	-0.158016195	0.399003649	0.454649593	0.344593527	-1.268249179	-0.070964711	0.490988778	-0.15656054	-1.352472279	-1.165227021	-0.632666223	0.209416674	-0.223623808	0.696866999	-0.277839137	0.484913538	-1.156670561	-0.768358283																																																																																				
SBCC073	4	1.025880694	1.005429506	0.960145414	0.991084039	0.934374273	0.983387113	1.03021419	0.998007476	0.977040231	0.986881554	1.068135381	0.967847764	0.000	0.000	0.001	0.998	0.0899	0.0649	0.0272	-0.0275	-0.0027	-0.0348	-0.0129	0.0234	0.0026	-0.0083	-0.564502029	-1.566132233	0.309976785	-0.325457879	-0.165750622	-0.423376325	-0.711784132	0.320312029	0.963077359	0.532105735	-1.009317765	-1.032217447	-0.621222182	-0.846158237	-1.144436062	-0.262747907	0.39760605	1.07724363	-0.759831341	0.166259298																																																																																				
SBCC074	4	1.043703675	0.993077695	0.964412808	1.047518134	1.001179576	0.92038393	1.006138206	1.075410008	0.988880813	0.993970931	1.017012715	0.991027236	0.129	0.000	0.003	0.868	0.0506	0.0655	-0.0506	0.0491	-0.0054	0.0277	-0.0257	-0.0428	-0.0043	-0.0239	-1.564293407	-0.154919412	-0.593427386	-0.589662085	-0.290880429	-0.709381034	-0.788291787	0.768444859	0.583774959	0.044697048	-0.529486648	-1.087640196	-0.663788287	-0.817170776	-0.045174573	0.9120232	0.342565168	0.645823711	-1.062452764	-0.535325623																																																																																				
SBCC075	4	0.933261275	0.978504837	1.012786746	1.002604485	0.98694998	0.977433264	1.036755681	0.948857725	0.986094475	0.957787931	1.004327297	0.968893409	0.000	0.000	0.001	0.999	0.0877	0.0927	0.0452	-0.0224	0.0005	-0.0521	-0.026	0.0229	-0.0179	-0.0328	-0.55068821	-1.126940868	-0.782994164	0.392028991	0.351398581	0.334171009	-0.667694883	0.646678932	1.127294247	0.73599201	-0.892034303	-0.782056133	-0.619682174	0.974912343	0.818581434	0.990474008	0.164895279	1.022683517	-1.279202554	-0.375991769																																																																																				
SBCC076	4	1.016103387	1.007621646	1.032578468	1.042835116	0.981106937	1.007946849	1.02332139	0.992784381	1.048659801	1.045047998	1.051368952	1.033003688	0.001	0.000	0.299	0.700	0.0567	0.009	-0.0068	0.052	-0.0067	0.0249	0.0302	0.0122	0.0324	0.0226	0.735438208	-0.686066778	0.618022798	-0.739739401	-0.533603746	-0.827660367	-0.121268568	-1.074448595	-1.147348471	-0.993581075	-0.461654632	-0.474279752	-0.598622993	-0.099795406	0.099191474	0.677550487	-1.080079981	-1.250671288	-0.398038676	-0.995446226																																																																																				
SBCC078	4	0.950165629	1.045670867	1.01217854	1.048787594	0.914914489	0.948904037	1.027291059	1.040387034	0.949069798	1.029626966	0.971881688	1.06113255	0.000	0.000	0.382	0.617	0.0518	-0.0017	0.0048	0.0749	0.0276	-0.0102	0.0118	0.0172	0.0268	0.0154	0.545376013	-0.524079699	0.221117359	-0.485706417	-0.36940257	-0.508453661	0.149132066	-1.002809148	-1.124923372	-0.745204218	-0.331243886	0.222730594	-0.457284831	0.596071859	0.509461265	0.80661932	-1.226484084	-1.151455806	-0.535784431	-0.961711517																																																																																				
SBCC079	3	1.043074727	0.964020491	0.991297603	1.037867069	0.993180335	1.101738095	1.014191628	1.022775531	1.073186994	1.016834855	1.06375742	1.031651497	0.000	0.000	0.999	0.001	-0.0085	-0.127	0.0277	0.0071	-0.0425	-0.0474	0.0265	-0.0337	-0.0145	-0.017	-0.753641641	0.341930049	1.503655085	-0.025903822	-0.230644353	0.057089915	1.039391546	0.068302462	0.228088199	0.144820563	0.609625624	1.13545302	2.210156397	-0.098156183	-0.302682064	-1.133976786	0.513385375	0.399184118	0.638818756	0.864026737																																																																																				
SBCC081	4	0.910426795	0.965744913	1.022087812	0.973075747	1.187479854	1.106116414	0.990350485	0.983585477	1.192049146	1.099156857	0.912586093	0.967829466	0.000	0.000	0.102	0.898	0.073	0.0601	0.0492	-0.0308	-0.0211	-0.0384	-0.0334	0.0357	0.0039	-0.0127	-1.546415233	-0.770252546	0.02562662	-0.564201516	-0.207378356	-0.686481	-0.881750201	1.011864012	1.683242171	0.823155127	-0.110911064	-1.441094342	-0.673676158	-2.484190294	-1.55478651	0.05130334	0.728956439	1.643352348	-0.488562199	0.313302976																																																																																				
SBCC082	4	1.096551657	1.006269455	1.098960757	0.883654714	1.00517869	1.007598281	1.060562849	0.765402973	0.906048894	0.961647213	0.996188164	0.954954982	0.000	0.000	0.004	0.996	0.0775	0.0614	-0.0107	0.0014	0.0284	0.0032	0.0629	-0.0502	0.0145	0.0073	2.003097992	0.816112206	-1.147317813	0.104321542	0.210250895	0.04074737	-0.875101362	1.226427368	-0.416023625	-0.213777505	0.081422637	-0.874133471	-0.613853304	-0.673155937	-1.606834105	0.097082082	0.827709792	-1.041080843	0.486763047	-0.11198666																																																																																				
SBCC083	3	1.028454661	0.967653036	0.975848258	1.042493343	0.993799448	1.001335859	1.008659363	1.029482841	1.064973831	1.054567933	1.0037359	1.003288865	0.000	0.000	0.834	0.166	0.0183	-0.085	0.0022	0.0621	0.0391	-0.0118	-0.0143	0.0441	0.013	-0.0189	0.105837239	-0.252566985	0.274433015	-0.670492134	-0.515450628	-0.699677561	0.39136268	-0.845334539	-0.530658777	-0.374045175	-0.311370274	0.332744395	-0.408328889	0.598643189	0.733203452	0.558638962	-0.87683535	-0.422717142	-0.600064227	-0.566457607																																																																																				
SBCC084	3	0.962940753	0.95254904	1.052889585	0.99157238	1.037195563	0.953395188	0.942661941	0.957458138	1.066169977	0.977416754	0.973895609	0.975252092	0.000	0.000	0.914	0.086	0.0074	-0.0958	0.0187	0.0494	0.0138	-0.0243	-0.0086	0.0215	-0.0103	0.0092	-1.045482261	0.935981655	0.084866238	-0.572387543	-0.586346222	-0.540762526	0.755638137	-0.632215914	-0.490172111	-0.826029562	-0.244004222	0.798050985	0.196489944	-0.462093667	0.59778007	-0.099689168	-0.422698943	-0.225358915	-0.215505921	-0.348217937																																																																																				
SBCC086	3	0.981664836	0.987275302	0.988813519	0.986646295	1.001072049	1.02685678	1.016473174	1.015583158	1.022389293	0.972074032	1.030731678	1.006899834	0.230	0.001	0.536	0.233	-0.0152	-0.0598	-0.0089	0.0117	0.0559	0.041	0.0442	0.0286	-0.0437	-0.0733	-0.86565825	0.921777472	0.32478669	-0.509885016	-0.536286778	-0.467305333	0.926395173	-0.555791159	-0.53825987	-0.85459647	-0.135876649	0.888123883	0.603113502	-0.300554142	0.719755056	-0.277785111	-0.311920624	-0.281372242	-0.055418332	-0.217006538																																																																																				
SBCC087	3	0.978765965	1.035210729	0.915890455	0.98204118	0.941120684	1.002038121	0.991945386	0.998447716	0.987111866	0.933823466	1.010238409	1.04327929	0.000	0.000	1.000	0.000	0.0013	-0.1074	0.0174	0.0468	0.0281	-0.0194	-0.0073	0.0323	-0.0013	-0.0008	-0.74219163	0.863921408	0.212231416	-0.440644716	-0.487838183	-0.39254752	0.85454059	-0.581194943	-0.510697393	-0.883616791	-0.165834102	0.934555277	0.437361411	0.018099005	1.113226015	-0.248193767	-0.347330728	-0.252598464	-0.017256548	-0.281398261																																																																																				
SBCC089	4	1.028283834	1.055131197	1.011732697	1.045236349	0.949744225	0.946225464	0.982194722	0.975877047	0.995490968	0.966141343	1.060891032	1.04036057	0.000	0.000	0.001	0.999	0.08	0.0951	0.0385	-0.03	-0.0217	-0.0402	-0.0076	0.0345	-0.0003	-0.0281	-0.958061231	-1.641013519	0.034512563	0.433533225	0.514646094	0.375831961	-1.282428912	0.743993495	1.720780424	0.759554834	-0.93340384	-1.268793712	-0.599184683	-0.739464111	-0.857234082	0.379216537	0.462120768	1.725547792	-0.968584013	-0.043814281																																																																																				
SBCC090	1	1.063721657	1.089978337	0.995555997	1.003946185	1.065036058	0.988319635	1.034284592	0.963840663	1.021622181	1.009767175	1.030839205	1.042776585	0.882	0.048	0.061	0.009	-0.1365	-0.0111	-0.1339	-0.0435	0.0245	0.0033	0.0113	0.016	-0.0019	0.0034	0.42430811	0.069674956	1.148217378	-0.163369993	-0.289805481	-0.084783015	0.937292398	-0.19538239	-0.127618904	0.357664929	0.544997876	1.360149746	0.955341082	1.260843173	0.92858911	-0.622452593	0.14629831	0.060873125	0.629046168	0.568418022																																																																																				
SBCC091	4	0.969566643	0.969623506	1.013157725	0.984182656	0.990634322	0.988540888	1.054006934	1.012601137	0.957522333	1.002548337	1.013270497	0.928457737	0.000	0.000	0.001	0.999	0.0878	0.074	0.0189	-0.0271	-0.0132	-0.0088	-0.0048	0.0345	-0.0074	-0.0039	-0.265066302	-1.056860299	-0.341659011	0.434957791	0.467596815	0.387353176	-1.277882169	-0.417602996	0.339574476	0.071531942	-0.987175177	-1.139674792	-0.710570008	0.965060935	0.771246748	1.238564979	-0.709717491	0.324030097	-1.286835387	-0.907789568																																																																																				
SBCC092	4	1.097581267	1.063172102	1.015592098	0.903011739	1.076981544	0.975519538	0.926154673	0.978948534	1.051223516	0.9589535	0.970371783	1.052245378	0.000	0.000	0.079	0.921	0.0897	0.0455	0.0253	-0.0238	-0.0066	-0.0305	0.0069	0.0409	0.0019	-0.0129	-0.23780271	-1.33163948	1.399985754	-0.28159129	-0.221638306	-0.306400825	0.079794933	0.377993633	1.59386087	1.093678036	-0.37371963	-0.289687748	-0.405608593	0.63559963	0.34569796	-0.421886827	0.466733758	1.657471518	-0.447078521	0.615505516																																																																																				
SBCC093	1	0.979473352	0.940195322	1.04230547	1.054031372	0.933592081	0.902996242	1.041183591	0.905756712	1.006119013	0.962619185	0.987707376	0.985199809	0.964	0.035	0.001	0.000	-0.1621	-0.0082	-0.149	-0.0707	0.024	-0.0516	0.0457	0.0315	0.0659	0.0359	-1.136932737	1.305636861	0.469923754	-0.518859733	-0.572580752	-0.465149482	1.06588186	-0.430591845	-0.181949553	-0.741546723	-0.041117963	1.308206878	0.817035268	0.200933428	0.874834272	-0.900300826	0.095402579	0.043947058	0.40764044	0.177472898																																																																																				
SBCC094	4	0.996537149	1.060107946	0.968867123	0.958719552	0.986378193	0.995204091	0.962597013	0.955558121	1.020041704	0.961779535	1.059117675	0.958019853	0.013	0.000	0.023	0.964	0.0671	0.0631	-0.0048	0.0006	0.008	0.0193	0.0538	-0.0347	0.0213	0.0217	1.017938292	-1.000835437	-1.775257762	2.92664013	2.735319224	2.952858226	-2.367550531	-0.784315042	-0.986392002	-1.159579016	-1.31164152	-1.50533002	-0.679922303	-0.141662016	-1.242672536	1.744934472	-1.511760547	-1.639863278	-0.872960506	-1.828010284																																																																																				
SBCC095	3	1.07374537	0.885054171	1.055654764	0.993097067	0.93737644	1.007894516	0.985374153	1.087481141	1.037633419	1.095817208	1.035243988	0.984499812	0.000	0.000	1.000	0.000	-0.0168	-0.1314	0.0278	0.0035	-0.0443	-0.0352	0.029	-0.04	-0.0375	-0.0014	-1.566652229	0.606761353	-0.249837603	0.000533087	-0.145550199	0.010850669	0.556810024	1.184188747	0.471549235	0.443394741	0.566681838	0.005415384	0.050011208	-0.331178683	0.713105584	0.067585795	1.021341746	0.642857237	-0.090660601	0.379747651																																																																																				
SBCC096	3	1.021318316	1.005644083	0.985298991	1.016164064	1.020359635	0.974762559	1.045837045	0.994740605	0.973434389	1.028114915	0.997558475	0.990779281	0.000	0.000	1.000	0.000	-0.001	-0.1249	0.0216	0.0222	-0.007	-0.0164	0.0357	-0.0274	-0.0459	0.0159	-1.019505299	0.403547499	0.985308429	-0.47174781	-0.443269897	-0.447539935	0.873452295	-0.281445001	-0.17684429	-0.170792471	0.120509195	0.873319007	0.7963253	0.103837863	0.102065083	-0.963544192	0.179879918	0.106836543	0.306027191	0.50708766																																																																																				
SBCC097	4	1.001303315	1.132860065	0.801344633	0.838326395	1.122167468	1.285403132	1.045870185	1.022187352	1.008921266	0.608358204	1.231029868	1.06419611	0.002	0.000	0.001	0.997	0.0729	0.0808	-0.0012	0.01	0.0028	0.0113	0.0386	-0.034	0.0004	0.0079	2.426509007	1.273912536	-1.30134082	-0.112880359	-0.077113389	-0.133704871	-0.290611077	1.663041176	0.699905688	1.901177773	2.240089669	-0.346588266	-0.594631774	1.63162468	0.005539015	0.240429389	1.104754138	-0.143153012	1.450971424	1.215741606																																																																																				
SBCC098	3	0.958899438	0.99470365	1.01447475	0.971105576	0.972499013	1.034365654	0.992744386	1.015835762	1.015286088	1.047571301	0.994345725	0.966048419	0.000	0.000	0.685	0.315	0.0319	-0.0609	0.0568	-0.0686	-0.0024	0.065	-0.0241	-0.0062	-0.0027	0.0126	-0.396781318	1.288512654	0.588402989	-0.651665758	-0.664663708	-0.575420387	1.123004075	-0.244074555	-0.210026555	-0.077475031	0.343579587	1.038854458	1.039787948	-0.987951018	-0.174528898	-1.293990234	0.168147611	0.013688335	0.949129441	0.69424585																																																																																				
SBCC099	4	1.008154631	1.024192452	1.02446723	0.988440335	0.958395183	1.013402343	1.021229148	1.00453043	1.050539136	0.979890287	0.992781043	1.024157286	0.000	0.014	0.021	0.965	0.0852	0.0715	0.0046	0.012	0.0264	0.0123	0.0371	-0.0192	0.0145	0.0276	0.278056168	-1.643141672	-1.283568934	2.945768419	2.955258686	2.614555275	-2.325692421	-1.666871617	-0.959151933	-1.573377872	-1.994142409	-1.5882824	-0.918321573	-0.490049382	-1.887631748	0.925057287	-1.798585745	-1.190683743	-0.971987812	-1.737130536																																																																																				
SBCC100	4	0.940913796	0.984443188	0.940451443	0.977314293	0.956703603	0.99717021	0.98851651	1.007133007	1.025784492	0.958079517	1.021731496	1.003984809	0.002	0.000	0.024	0.974	0.0742	0.0701	-0.0051	0.0056	0.013	0.0124	0.061	-0.0283	0.0087	0.025	0.707506366	-1.190092567	-1.082154234	1.460575373	1.286768048	1.424503616	-1.253478241	-1.10825212	-1.055155333	-1.20268116	-1.218868686	-1.325703393	-0.679669137	1.466765997	-0.020359052	0.989579605	-1.269888085	-1.272650993	-0.690792512	-1.420273359																																																																																				
SBCC101	4	0.975335181	1.000092983	1.002735853	0.992443502	0.993037999	1.021895051	0.963004291	0.965039551	1.025137663	0.949752331	1.002791882	1.079331517	0.365	0.000	0.039	0.596	0.0064	0.0463	-0.0846	0.0218	-0.053	-0.0106	-0.0498	-0.0546	0.0042	0.0197	0.226072323	1.432732131	0.061170391	-1.140530049	-0.883746114	-1.180294977	0.276577105	0.023295602	0.330368546	0.718181755	0.741496635	-0.250907205	-0.472092198	-2.131706479	-1.058810573	-1.139599859	0.402774467	0.292085245	1.387180197	1.013451961																																																																																				
SBCC103	1	1.02524209	1.042784691	1.071457386	1.065308571	0.994300187	0.961042702	1.039728522	1.006874323	1.019744277	0.976824999	0.996504307	1.047205448	0.999	0.000	0.001	0.000	-0.1472	-0.0234	-0.1452	-0.0951	0.0392	-0.0249	0.0379	0.055	0.044	0.0174	0.604396428	-0.624003901	0.564707142	-0.630785909	-0.462165669	-0.687537085	0.083039458	-1.092418635	-1.195331541	-0.583602927	-0.456264737	-0.255096963	-0.546933187	-0.148162124	-0.055709032	0.629999358	-1.133329815	-1.190943669	-0.47366177	-0.782869719																																																																																				
SBCC104	3	1.078161716	0.996400833	0.93579036	0.999522746	1.023385167	0.981906593	1.095036864	1.022352576	1.072077155	1.147955775	0.942416072	1.014219403	0.001	0.000	0.893	0.106	0.0083	-0.0987	0.038	-0.0148	0.0075	0.0409	-0.0182	0.0048	0.0121	0.0164	0.041470825	-0.435687116	0.173725664	-0.496696056	-0.395273684	-0.518174264	0.346923375	-0.997440455	-0.696089751	-0.564461863	-0.348450924	0.347881488	-0.430835725	1.144314781	1.14940708	0.958883003	-1.094447192	-0.556129089	-0.851993906	-0.86837438																																																																																				
SBCC105	3	0.96628511	1.031048179	0.99241966	1.098448277	0.984338939	1.004469395	1.04900229	0.941160262	1.006624341	1.058471084	0.993507147	0.994945824	0.000	0.000	0.844	0.156	0.0113	-0.0843	0.0517	-0.0525	0.0053	0.0623	-0.0247	-0.0028	0.0163	0.0087	-0.404451229	-0.488000084	-0.033612998	-0.675792335	-0.511819167	-0.711733028	-0.121904436	-0.286747558	0.21849323	0.15402234	-0.298098859	0.177360119	-0.614351583	0.940518661	0.941862749	0.514644704	-0.430575915	0.245995002	-0.626077478	-0.304413965																																																																																				
SBCC106	3	0.969038665	0.926585793	0.952356517	1.023504615	0.976813316	0.988347173	1.030623794	0.98598671	1.025997758	1.086233258	0.945629537	0.919916213	0.000	0.000	0.773	0.226	0.02	-0.0774	0.0443	-0.0633	0.0145	0.0609	-0.0207	0.0067	0.0336	0.0016	-0.209651443	-0.398221727	0.040436524	-0.489505413	-0.394486616	-0.514242854	0.095011705	-0.681895857	-0.111363436	-0.299881765	-0.187114779	0.267599511	-0.568836551	1.04481395	0.958695583	0.655338183	-0.736000232	0.010887254	-0.634712213	-0.541422544																																																																																				
SBCC107	1	0.978080392	1.021357417	1.032411814	1.076185703	0.983184934	1.00515604	1.024065614	0.969116151	0.99499917	1.035178661	0.989432871	0.988028049	0.536	0.000	0.003	0.461	-0.0179	0.0442	-0.1125	-0.015	-0.0566	-0.0106	-0.0663	-0.0328	-0.0207	-0.001	-0.426473549	-0.52437665	0.120410008	-0.699846918	-0.523967356	-0.741250506	-0.105084159	-0.430350031	0.117117362	0.022513468	-0.444547391	0.137671728	-0.603180307	0.776105675	0.811559516	0.375805707	-0.428341996	0.258574919	-0.651823111	-0.312478298																																																																																				
SBCC108	3	1.05326128	0.943673193	0.962157667	1.088386536	1.072638988	0.952554941	1.045703173	1.004266381	0.983038783	1.062307835	0.906350315	0.925058365	0.061	0.000	0.865	0.074	0.0077	-0.0943	0.009	0.0385	0.0194	-0.0263	-0.0386	-0.0067	-0.0028	-0.0241	0.623870422	0.456800813	1.912408448	0.099280986	-0.213030503	0.225145906	1.346375739	-1.045270169	-1.145378253	-0.523565728	0.973722365	1.444244111	1.909786254	-0.141844152	-0.469399635	-1.685269506	-0.279355556	-0.822066761	1.333937747	0.925939716																																																																																				
SBCC109	4	1.017167211	0.999902606	1.00502944	0.970925331	1.044413924	1.005936384	0.965521336	1.019669414	0.97830677	0.942518771	1.006587744	0.979762971	0.000	0.022	0.007	0.971	0.0754	0.0968	0.0436	-0.0278	-0.0361	-0.0306	-0.0094	0.0235	0.0001	-0.0326	-1.356921549	-1.382319214	-1.387238265	1.845055279	1.599101675	1.932403859	-1.496611076	0.980787057	1.45606426	0.291694043	-1.112211498	-1.347964801	-0.680364705	1.199807297	0.822387345	1.151784557	0.308049478	1.35362388	-1.249108363	-0.745965425																																																																																				
SBCC110	3	1.041644335	0.947543144	1.101009369	1.027600884	0.896241248	1.044178247	0.990337908	1.048506021	0.996083617	1.013154268	1.000797033	0.988367796	0.000	0.000	0.758	0.241	0.0132	-0.0703	0.0595	-0.0797	-0.001	0.0652	-0.0205	-0.0043	0.0357	0.023	-1.156885477	-1.095315526	-0.054346864	0.018565199	0.064850079	-0.018290157	-0.04120021	2.312640232	3.239674637	2.072740854	-0.310352308	-0.569977851	-0.403280328	0.638723796	0.310106009	-0.509603996	2.054084685	3.019167604	-0.374805416	1.146608839																																																																																				
SBCC111	4	1.013805389	1.016825676	1.061020732	0.976601064	1.022648692	1.057554245	0.940045893	0.982387185	0.976023793	0.903950393	0.932606399	0.940828979	0.000	0.000	0.001	0.999	0.0936	0.0851	0.0474	-0.0519	0.0077	-0.0285	-0.0124	0.0324	-0.0599	0.0332	-1.292510253	-1.43905676	-1.784143705	2.151294622	1.842230565	2.306266368	-1.46603064	0.458525132	1.088872773	-0.090189958	-1.401910195	-1.371704741	-0.679922264	1.447376025	1.070970358	1.547510783	-0.248035192	0.880439155	-1.404283587	-1.221546424																																																																																				
SBCC112	3	0.952388585	1.072526574	1.016983271	0.968532741	0.99698931	0.931986809	0.997442365	0.961459994	1.074766159	0.995628059	1.04334271	1.013622403	0.021	0.000	0.958	0.021	-0.0012	-0.1092	0.0029	0.0416	0.0189	-0.0178	-0.0049	0.02	-0.0087	0.0023	-0.608706251	1.319346125	0.671338454	-0.230365452	-0.445301799	-0.16728759	1.276829229	-0.272958132	-0.369018292	-0.391844384	0.281222832	1.516498637	1.432270643	-0.243400975	0.651483509	-0.887525122	0.156570303	-0.11835733	0.781337829	0.324400676																																																																																				
SBCC113	3	1.014469862	0.960930586	0.977758467	0.924197674	0.99289757	0.999029934	0.990424931	0.928096592	1.045826793	0.97197628	0.991444111	1.075927734	0.001	0.000	0.650	0.349	0.0189	-0.0565	0.009	0.0654	0.0309	0.0129	0	0.0467	-0.0046	-0.0029	0.089649637	1.386506671	-0.060270826	-0.889014092	-0.745375075	-0.904308939	0.505973813	-0.712683329	-0.547253567	-0.036962126	0.978674303	-0.054537359	0.002508226	-2.166337473	-1.075010802	-1.03570739	-0.175504938	-0.379535648	1.391590183	0.726423876																																																																																				
SBCC114	4	0.989524364	0.987430513	0.989866853	1.017536521	0.981153548	1.034799457	0.983784556	1.006250501	1.018273234	1.005373597	0.976354063	1.064570665	0.313	0.000	0.058	0.629	0.0206	0.0401	-0.0775	0.0148	-0.0473	0.0324	-0.055	-0.0335	0.0045	0.0125	0.247226915	1.313753537	0.348482537	-0.77211889	-0.689875766	-0.771567543	0.495614216	-0.90357459	-0.609464515	0.179460153	0.986044485	0.19408165	0.162278098	-1.482302076	-0.946153072	-1.081716863	-0.276896941	-0.438275956	1.465552806	0.797113384																																																																																				
SBCC115	1	1.028885245	0.957581639	0.97648102	0.934650183	0.996659994	1.027168512	0.986660242	0.92799741	1.049441576	0.961172342	0.993727148	1.133019447	0.302	0.220	0.208	0.270	-0.057	-0.0018	-0.0168	-0.0235	0.1034	0.0626	0.0601	0.022	-0.0141	-0.0417	0.116873333	1.441492202	-0.392012686	-1.067052747	-0.814774821	-1.107952112	0.331611879	-0.614622487	-0.447834202	-0.204103584	0.591258446	-0.305271901	-0.413147023	-2.209953123	-0.919922096	-0.913187143	-0.151795517	-0.351893532	1.280476725	0.450138635																																																																																				
SBCC116	4	1.034634113	1.004428864	1.068023682	1.065803647	1.055149913	0.965207875	1.05545342	0.993799031	0.932250977	0.95764488	0.963927925	0.940729618	0.126	0.032	0.134	0.709	0.0448	0.0403	0.007	-0.0595	0.0043	-0.0372	0.0425	-0.0249	0.0196	0.0126	-0.673082638	-1.866498741	-1.790067667	4.10198806	4.430185848	4.003937762	-2.557432855	0.699003366	1.973611967	0.755364	-1.605430887	-1.557800816	-0.721612892	-0.043559347	-1.155678248	1.227536601	0.126732653	1.273316026	-0.936526972	-0.772143037																																																																																				
SBCC117	4	1.056158423	1.016878724	0.981578171	1.048232079	0.961505949	1.016585469	0.952535212	0.99211657	1.010742068	1.013486624	1.082855582	1.041454911	0.000	0.000	0.001	0.999	0.0952	0.0734	0.0568	-0.0345	-0.002	-0.0371	-0.0283	0.0092	-0.0092	-0.0167	-0.711761332	-1.5362886	-0.498643998	0.54560339	0.484299921	0.477530851	-0.927533693	-0.054152288	0.421018448	-0.222599894	-1.313976171	-0.976627512	-0.669597178	0.683700644	-0.036223209	0.533823815	-0.244034359	0.425845351	-1.107092146	-0.679644673																																																																																				
SBCC118	3	1.045085549	1.066124678	0.976207852	0.99660486	0.983848035	0.950740397	1.053129315	1.008391619	1.024255753	1.024606824	1.016649961	0.983063877	0.000	0.000	0.896	0.104	0.013	-0.0924	0.0089	0.0582	0.0305	-0.0257	-0.0128	0.0427	0.0081	0.0038	-0.106671166	0.214636811	0.49065762	0.234466087	0.063704695	0.233014079	0.458814715	-0.332674008	-0.281421148	-0.181216181	0.173858473	0.639989777	0.509006355	0.539039758	0.542911057	-0.060910965	-0.253456461	-0.124712487	-0.220304001	0.059839213																																																																																				
SBCC119	3	0.947021842	0.986784935	0.982800364	0.950665414	0.960646868	0.958003998	1.00331974	1.002691388	1.020740986	0.928453445	1.032009959	1.029357076	0.008	0.002	0.577	0.413	0.0332	-0.0349	0.0062	0.0765	0.0093	-0.0074	-0.0161	0.007	0.0068	0.027	-0.191863034	0.141834186	-0.285381374	-0.331884449	-0.282294908	-0.340296172	0.247875787	-0.895781753	-0.660219422	-0.794626092	-0.364663172	0.548320866	-0.277534378	1.406486521	1.29000359	0.907658341	-1.061596955	-0.604984294	-0.801567399	-0.912343024																																																																																				
SBCC121	4	1.00047648	1.095385909	0.88843137	0.915886819	1.102715731	1.12372911	1.028514862	1.024003863	0.977919757	0.900729299	1.073995829	0.991392016	0.140	0.000	0.001	0.859	0.0531	0.0696	-0.0522	0.0423	-0.0065	0.0451	-0.0307	-0.0331	-0.0198	-0.0481	1.747876461	1.051198862	-0.812613972	-0.510129798	-0.571689524	-0.417422252	0.355134336	-0.396012999	-1.035641845	-0.556105853	0.270839171	0.620198099	-0.372940072	0.174705861	1.55499401	0.516557085	-0.422660384	-0.938722984	0.03573376	-0.512608961																																																																																				
SBCC122	4	1.00043273	1.076991677	1.016485214	0.949391782	1.039122343	0.994903803	1.016775012	1.039122939	1.028960705	0.974723995	0.999792159	0.932046771	0.034	0.000	0.004	0.962	0.0582	0.0718	-0.0206	0.0184	0.0234	0.0066	0.0473	-0.0388	0.023	-0.0175	1.472871745	1.002548297	-1.082154234	-0.371169854	-0.394172566	-0.335857491	0.032663268	-0.85641176	-1.176828478	-1.012196827	-0.241597903	0.227436331	-0.468363311	0.086566024	1.340545585	0.70851325	-0.924176796	-1.137756344	-0.256430553	-0.922128309																																																																																				
SBCC123	4	0.97555536	1.028173089	0.98502177	0.943000972	1.004738212	0.979504108	1.058873534	0.987888098	1.052196145	1.003495574	1.047549844	1.020498872	0.030	0.035	0.004	0.931	0.0805	0.078	0.0195	-0.0148	0.0222	-0.0034	0.0169	0.0078	-0.0007	0.0302	-0.626195444	1.475443665	1.059357951	-0.179548823	-0.442600074	-0.081490139	1.304681314	0.620225812	0.491783539	0.620849522	0.812605443	1.562909262	1.831110928	-0.221171827	0.045957744	-1.395610833	1.124433738	0.717888105	1.276518643	1.209458656																																																																																				
SBCC125	4	1.028463125	0.984009385	0.985859752	0.976803362	1.060128331	0.948343873	0.988086641	0.997999191	1.027399063	1.06239903	0.965996802	1.032680631	0.025	0.000	0.307	0.667	0.0436	0.0105	-0.0105	0.0643	0.0293	0.015	0.0287	0.0266	0.0197	0.0158	0.265678587	-0.718830434	1.506617066	-1.001562208	-0.839771307	-0.981218535	0.677832835	1.052724985	1.423448179	1.994170023	0.529887798	0.313513925	-0.174570607	-0.78124501	-0.881775211	-0.358546677	0.948661835	1.339935897	0.020232381	1.222836432																																																																																				
SBCC126	4	0.926380754	0.981098592	0.994801342	1.015256047	0.943018198	0.951091528	1.028468847	1.031352401	1.011460543	1.001511097	1.009105206	1.006177068	0.002	0.000	0.035	0.963	0.0674	0.0516	-0.0189	0.0144	-0.0016	0.0208	0.0536	-0.0168	0.0236	0.0042	0.643643633	-0.834047641	-0.60527531	0.292988469	0.30124709	0.254980082	-0.763587393	-1.059622618	-1.26904316	-1.0198167	-0.603599579	-0.94661493	-0.695383354	1.5102879	0.807786817	1.252562602	-1.282941242	-1.390110692	-0.730289053	-1.31390251																																																																																				
SBCC127	3	0.930295646	1.019305825	1.021764517	1.046520829	0.986864924	1.009197474	1.0049541	1.025287032	0.95834589	1.021920323	0.97795701	0.986192942	0.000	0.000	0.834	0.166	-0.002	-0.0915	0.0597	-0.0843	-0.044	0.0479	-0.002	-0.0185	0.0336	-0.0032	-0.799536435	-0.792870357	-0.101738558	-0.395971323	-0.231225196	-0.483623039	-0.421633347	-0.177179059	0.125790023	0.126971614	-0.627507327	-0.765237856	-0.647985382	0.420557155	0.526080595	0.690073857	-0.434245391	0.236933653	-0.955879768	-0.458414694																																																																																				
SBCC128	4	0.916475356	0.986045897	1.018301845	0.945344388	1.023291945	0.962906897	0.992750466	0.99608171	0.966272533	1.038010597	0.913498819	0.998775184	0.000	0.001	0.225	0.774	0.0498	0.0308	0.0594	-0.0476	0.036	-0.0141	-0.0048	0.0256	-0.0276	-0.019	-0.955208703	-1.219837216	-1.647892584	1.082854606	0.981880539	1.055803115	-0.925734527	0.881349829	1.178849287	0.290411806	-0.987400698	-0.999978357	-0.688826932	1.83722823	1.724037196	1.402697865	0.245952388	1.137419577	-1.43760491	-0.812556302																																																																																				
SBCC129	3	1.011181831	0.993572354	0.963478565	1.009929061	0.998613	0.888470352	0.961508691	1.046605945	0.989937901	0.973134816	1.058049083	0.999151886	0.057	0.000	0.844	0.098	-0.0156	-0.1048	0.0535	-0.0994	-0.0327	0.0524	0.0048	-0.0124	0.0185	0.0293	-0.725260975	0.011571433	-0.711906622	-0.402499614	-0.253175474	-0.463316751	-0.239011917	0.345027936	0.494279827	-0.009229736	-0.465067299	-0.148341879	-0.688599718	0.553305283	0.981058969	1.437497487	-0.286696864	0.360862478	-1.251796926	-0.855535757																																																																																				
SBCC131	1	0.997780621	1.073300362	0.979948282	1.040397406	0.964187264	0.95231539	0.979910016	1.095217824	1.061095595	1.091877341	1.032046437	0.988367379	0.623	0.000	0.002	0.375	-0.0373	0.0323	-0.129	-0.0001	-0.0429	-0.0114	-0.0374	-0.023	-0.011	0.0136	1.013784172	0.309116901	2.407059257	0.881557026	0.110790762	1.106098395	1.615697131	-0.395986166	-1.044139645	-0.362555747	1.50234368	2.028334386	3.662228918	-0.731079432	-0.783097494	-2.375583561	0.526012927	-0.790488076	2.249129612	1.383718657																																																																																				
SBCC132	3	0.984305084	1.011522055	0.943310201	1.021243215	1.01745677	1.0194031	1.00304985	0.968610585	1.04873538	1.035343766	0.997626364	1.001541138	0.001	0.000	0.752	0.247	0.0076	-0.0747	-0.0066	0.0863	0.028	0.0061	0.0004	0.0257	0.0191	-0.0104	0.762203106	0.559991481	0.831285422	-0.051904584	-0.234038333	0.040706471	0.967277177	-0.992689399	-1.225304817	-0.747005524	1.046769754	1.353620312	1.126080323	1.041209803	0.743469844	-0.804128741	-0.503763473	-1.00731633	1.042998906	0.327396237																																																																																				
SBCC134	4	0.986870944	0.997470856	1.045761347	0.964014113	0.949066103	0.994668543	1.009345412	0.97048521	1.016521931	1.073857903	0.982278705	1.069566607	0.006	0.000	0.008	0.986	0.0794	0.0622	-0.0175	0.0066	0.0271	-0.0041	0.0597	-0.0541	0.024	-0.0058	0.68616227	1.648813887	0.22704132	-0.419537271	-0.521792338	-0.343525453	0.792649359	4.493951224	4.077249066	6.546285913	3.056630304	0.78479074	0.506221998	-1.692338492	-1.541911412	-2.411936073	4.940541874	4.006877715	2.807785225	4.893456792																																																																																				
SBCC135	4	0.955078483	1.064368367	1.020369172	0.968403339	1.071142077	0.996874392	0.935822129	1.069707751	1.048112035	0.992899716	0.938304007	1.018816829	0.107	0.000	0.001	0.891	0.0538	0.0632	-0.0449	0.0394	-0.005	0.0317	-0.0283	-0.0446	-0.0109	-0.0396	1.337406551	1.11662719	-0.975522922	-0.513074148	-0.523509143	-0.499891281	0.157342089	-0.423526189	-1.031176598	-0.808335044	-0.059228739	0.21048054	-0.56123237	0.079711287	1.13361409	0.639646812	-0.625127041	-0.98341233	-0.232632057	-0.749821924																																																																																				
SBCC136	4	0.927053869	1.049673438	1.045811176	1.045700788	1.071093082	1.110450387	0.968351781	1.024708509	1.042679906	1.004906893	1.073842645	1.046150208	0.215	0.000	0.002	0.783	0.0275	0.0831	-0.0158	-0.0485	-0.0175	-0.0267	-0.0443	0.0099	-0.0681	0.031	1.576689827	1.355524724	1.213380957	0.447876887	-0.046241408	0.582140826	1.021281243	1.120614571	-0.31630311	0.996000581	2.466800022	2.164592072	1.382782252	2.505191208	1.643391892	-1.246693167	1.496240384	-0.279687339	1.958652198	1.668342397																																																																																				
SBCC139	4	0.94621408	1.028764009	0.926851511	1.055526614	1.009172082	1.011886835	1.019039869	0.9669227	1.005957842	1.007101655	0.941918552	1.001513839	0.117	0.000	0.044	0.839	0.0467	0.0493	-0.0415	0.031	0.0006	0.0267	-0.0131	-0.0628	0.0112	-0.0129	0.507909145	0.748258774	0.170763684	-0.468451383	-0.451447302	-0.462394069	0.730130231	-1.31923198	-1.234029194	-0.856243413	0.380302325	0.825377135	-0.066991322	0.876224696	0.862126024	-0.054957784	-1.085483081	-1.174874467	0.301719109	-0.246766713																																																																																				
SBCC140	4	0.906706691	1.163644433	0.990669608	1.077485681	1.182669759	1.063250422	0.932949424	1.034617662	0.980968297	0.908016205	1.199754119	1.120337009	0.335	0.000	0.004	0.661	0.0242	0.0479	-0.0927	0.0365	-0.0259	0.0272	-0.0395	-0.0159	0.0045	0.0115	2.102622321	1.262826344	0.715768168	0.240103502	-0.185115075	0.356475549	0.985795918	1.745932102	-0.24248149	0.996514436	3.22998924	1.688125077	0.765274766	1.841222363	0.510962911	-0.530979796	1.510153765	-0.546452795	2.283407837	1.421671187																																																																																				
SBCC141	4	0.955568552	1.114525437	0.986195266	1.01756227	1.128456354	1.098723888	0.959236324	1.019598722	1.017839193	0.91384393	1.159336567	1.088388801	0.000	0.000	0.001	0.999	0.0796	0.072	-0.0072	0.0165	0.0194	0.0011	0.0657	-0.0472	0.0101	0.0018	1.937709257	1.253670337	0.929030792	0.923766344	0.122514386	1.125823537	1.18487608	2.883024511	0.124661539	1.89539639	3.368275145	1.327711645	2.541315405	-1.729578851	-2.291988261	-1.034916686	2.768834701	-0.083437229	2.416352178	2.156539858																																																																																				
SBCC146	3	1.034018874	1.030811906	0.979405642	1.029520869	0.947876871	1.00041759	1.011585355	1.021519661	0.989892542	1.058944225	1.046316028	1.024452806	0.000	0.000	0.999	0.000	-0.0189	-0.1301	0.0224	0.0069	-0.0463	-0.0334	0.0336	-0.0349	-0.0286	0.0091	-0.636568276	0.577759083	0.828323441	-0.722769559	-0.663672358	-0.677011142	0.890981594	-0.769105351	-0.65533325	-0.858785177	0.369609	0.920947123	0.483146683	-0.22810799	0.440702612	-0.455647732	-0.514820999	-0.461576871	0.255815445	-0.002250328																																																																																				
SBCC147	2	1.089962363	1.049888492	0.984377146	1.042078018	0.981527865	0.989733279	1.027204514	0.932994843	0.988863468	1.000710607	1.00164485	1.071979165	0.068	0.913	0.019	0.001	-0.2594	0.0907	0.1458	-0.0212	0.1882	-0.0564	-0.0791	-0.1147	0.0344	-0.0138	-0.668689146	1.723695173	1.299278403	0.345637944	-0.226426068	0.452160625	1.94748091	3.981121328	3.372750679	4.506594133	2.904432986	1.648702022	3.619984856	-0.660380712	-1.421710885	-3.224322309	4.528964779	3.217741617	3.217324881	4.444448896																																																																																				
SBCC148	2	1.001000047	0.950135946	0.977168024	1.023288488	1.00005734	1.012659311	1.021711707	0.907407999	0.971208334	0.970511973	1.049453855	0.958215058	0.000	1.000	0.000	0.000	-0.3093	0.1034	0.1117	0.0583	-0.0938	0.0207	0.0228	0.0342	0.0438	-0.0148	-0.989503878	0.714307311	0.588402989	-0.545311506	-0.582680141	-0.482657103	0.937660743	-0.613048798	-0.52946892	-0.710718442	-0.123157114	0.966957148	0.50982921	-0.617738418	0.18760517	-0.641054447	-0.210346229	-0.226893295	0.073525069	0.031497715																																																																																				
SBCC149	3	1.016574025	1.003433347	0.955135465	0.993410468	1.002580404	0.8768453	0.955475628	1.013202786	0.987846732	0.999194741	1.021377802	1.016120911	0.000	0.000	0.710	0.290	0.0331	-0.0633	0.0328	0.0246	0.0091	0.0026	-0.0242	0.0019	0.0161	0.0014	-0.790180938	-0.032872318	-0.649705023	-0.380121347	-0.210852793	-0.443769978	-0.250827776	-0.00772453	0.274948272	-0.265927681	-0.511349394	-0.206358853	-0.664411785	0.642520793	0.987504425	1.580799858	-0.534235125	0.187472073	-1.353332319	-1.050336701																																																																																				
SBCC150	3	0.993114352	1.030862808	0.97598058	1.067531109	1.063301921	0.966617763	0.930743754	1.051247716	1.062636733	0.998470068	0.937704563	0.991009891	0.001	0.000	0.764	0.235	-0.0019	-0.0736	0.051	-0.0919	-0.0556	0.0499	-0.014	-0.0093	0.0095	0.0125	-1.107290375	-0.647809518	-0.599351348	0.15676618	0.232109052	0.085837385	-0.63575115	-0.470101372	-0.066072543	-0.504457526	-0.686500946	-0.758069755	-0.666736412	0.949435819	1.087970833	0.885497022	-0.858773975	-0.026339941	-0.93032223	-0.910971331																																																																																				
SBCC151	2	1.003054023	1.007173181	0.980987668	1.046139717	0.993639469	1.018448949	1.021039248	0.95494324	1.070229053	1.000190496	0.957147002	0.999956369	0.000	0.999	0.000	0.000	-0.2753	0.1259	0.0874	0.0468	-0.0759	0.0133	0.008	0.022	0.0348	-0.0443	0.472466974	0.802798878	0.671338454	-0.683410766	-0.632422994	-0.694024553	0.893117804	-0.922830255	-0.956788106	-0.411455739	0.580439151	0.700215779	0.294170979	-0.613688573	-0.208797914	-0.415374537	-0.700374587	-0.915787597	0.50316109	0.206017972																																																																																				
SBCC152	2	1.050041914	0.973461747	0.962822735	0.989484727	1.05390811	1.072588921	1.156833649	0.794276536	0.978285432	0.874439657	0.959884822	0.954042315	0.095	0.904	0.001	0.000	-0.2918	0.0814	0.1174	-0.0516	0.1473	-0.091	-0.0671	-0.1215	0.0331	-0.0082	2.096583139	0.894804371	-1.559033157	0.002911234	0.132154515	-0.042986519	-0.821199523	1.32935891	-0.369975	0.169090572	0.33567905	-0.840507974	-0.587550463	-1.135454295	-1.651605158	0.504763064	0.797238694	-0.876008739	0.255852111	-0.085316013																																																																																				
SBCC153	2	1.01461935	1.00186646	1.015632987	0.982880712	0.926862717	0.994986594	1.04456234	1.037312746	1.014151096	0.983787417	0.996505022	1.012831092	0.158	0.783	0.058	0.000	-0.2422	0.0503	0.0551	0.0229	-0.0868	0.0011	-0.0019	0.0519	0.001	-0.0385	-0.407433419	0.995520444	0.653566569	-0.501729645	-0.545508921	-0.441151608	1.12766852	-0.461023225	-0.21054771	-0.251409734	0.443003111	1.097687976	1.053379602	-0.691310598	0.042908587	-0.856950367	-0.055251394	0.035865675	0.60341744	0.446296047																																																																																				
SBCC154	3	1.058257818	1.088559985	1.037232041	1.089797139	1.025283456	0.949185312	1.035696387	1.027469158	0.929019809	0.952131569	0.968794048	1.041616321	0.014	0.341	0.645	0.001	-0.0862	-0.0542	0.0465	0.0839	0.0124	-0.0036	-0.0211	0.0634	0.0204	0.0299	0.006617113	0.498176064	0.644680626	-0.975368223	-0.807946259	-0.953101674	0.506317773	-0.428898196	-0.366311943	-0.397498642	0.103522237	0.942633726	-0.50073693	0.683942778	0.953460775	-0.49220505	-0.186769961	-0.189466756	0.100979744	0.131780993																																																																																				
SBCC155	2	0.994147182	1.025018573	0.951866746	0.989630878	1.006938577	1.019752026	1.064320803	0.98706001	0.983673334	1.001338959	1.0002985	0.94825846	0.312	0.501	0.083	0.104	-0.1721	0.0438	-0.0114	0.0368	-0.0613	0.0455	0.0271	-0.0121	0.0395	-0.054	1.143110445	0.697628532	-1.046610463	-0.519219242	-0.417740948	-0.557029269	-0.511558139	-1.268569943	-1.252812892	-1.205260726	-0.071529029	-0.480635039	-0.68603405	-0.476540256	0.082092155	0.684995204	-1.295345001	-1.283467239	-0.289497115	-0.890847467																																																																																				
SBCC156	2	1.008424282	1.131031513	0.967064917	1.05698669	0.956754148	0.936879694	0.963008046	1.102608681	1.02799058	1.092537522	1.039669275	0.996654451	0.003	0.993	0.001	0.003	-0.2683	0.1249	0.1176	0.0299	-0.0744	-0.0147	0.0391	-0.002	0.0197	0.0438	1.014497305	0.281648881	2.889862142	0.925757113	0.068674008	1.171640306	1.985296347	-0.261128477	-1.029785479	-0.22278904	1.608500323	2.309602796	4.034721353	-1.135938562	-1.113800573	-2.548706709	0.741204991	-0.730037893	2.425309054	1.558451061																																																																																				
SBCC157	2	0.985288799	1.115174174	0.947102129	0.883935034	1.081299543	1.327485085	1.11480391	1.062446713	0.893765569	0.699005246	1.167291641	1.035223007	0.128	0.750	0.032	0.090	-0.1995	0.0872	0.0634	0.0464	0.0633	0.0882	0.0311	0.0242	-0.1151	0.0898	2.220089655	1.150281701	-0.377202781	-0.312162088	-0.375252269	-0.266922918	0.476734868	0.782353298	-0.409939482	0.431435983	2.324836058	1.028385487	-0.419842028	2.375138691	1.634713339	0.325438289	0.35400218	-0.814859714	1.501548169	0.495047003																																																																																				
SBCC158	2	0.965725482	1.136095405	0.959593475	1.00381434	1.203869224	1.12697649	0.954785943	1.074502707	1.008964658	0.916620672	1.098797321	1.021587968	0.066	0.801	0.001	0.131	-0.2013	0.1317	0.0796	0.0598	0.0514	0.0662	0.0027	0.027	-0.1409	0.0789	1.914894014	1.169732028	0.155953779	-0.621736874	-0.617631927	-0.560645053	0.42335143	0.646424806	-0.633102099	0.25269677	1.750218219	0.599724293	-0.324861204	0.317145761	-0.181584819	-0.196686524	0.631831505	-0.869641797	1.364077175	0.549850668																																																																																				
SBCC159	2	1.040342569	0.987324595	0.988752961	1.048147917	1.012863278	0.999793112	1.02073431	0.97680223	1.02545917	0.963930547	0.98952502	0.993182003	0.000	1.000	0.000	0.000	-0.2623	0.1273	0.083	0.0656	-0.1157	0.0091	0.0101	0.0166	0.0309	-0.0288	0.236190821	0.809975207	1.15710332	0.178117014	-0.216011134	0.295755182	1.246258757	-0.447084164	-0.492952862	0.003550709	0.968008985	1.579044162	2.377014819	0.190749889	0.979387309	-0.722419194	-0.164410379	-0.364231455	0.643530408	0.657352465																																																																																				
